PST,Max TemperatureF,Mean TemperatureF,Min TemperatureF,Max Dew PointF,MeanDew PointF,Min DewpointF,Max Humidity, Mean Humidity, Min Humidity, Max Sea Level PressureIn, Mean Sea Level PressureIn, Min Sea Level PressureIn, Max VisibilityMiles, Mean VisibilityMiles, Min VisibilityMiles, Max Wind SpeedMPH, Mean Wind SpeedMPH, Max Gust SpeedMPH,PrecipitationIn, CloudCover, Events, WindDirDegrees
2012-1-1,82,65,47,31,25,17,46,28,9,30.19,30.13,30.08,10,10,10,10,3,18,0.00,0,,297
2012-1-2,83,65,47,28,22,14,39,24,8,30.22,30.16,30.10,10,10,10,9,2,12,0.00,0,,276
2012-1-3,82,65,48,37,28,21,46,29,12,30.21,30.17,30.12,10,10,10,8,1,12,0.00,0,,331
2012-1-4,85,68,50,29,24,18,42,25,8,30.25,30.19,30.14,10,10,10,9,3,14,0.00,0,,313
2012-1-5,83,67,50,33,28,18,41,25,9,30.16,30.07,29.96,10,10,9,12,3,14,0.00,0,,247
2012-1-6,74,61,48,45,34,27,71,45,19,30.01,29.95,29.92,10,10,8,12,4,17,0.00,0,,124
2012-1-7,64,54,44,49,45,37,100,78,56,30.03,29.98,29.93,10,5,0,12,4,17,0.00,1,Fog,125
2012-1-8,70,60,49,25,19,8,66,38,10,30.15,30.10,30.04,10,10,10,20,5,28,0.00,0,,47
2012-1-9,72,58,44,31,24,17,44,30,15,30.18,30.15,30.09,10,10,10,10,4,15,0.00,0,,176
2012-1-10,70,57,43,34,30,24,58,40,21,30.17,30.09,30.02,10,10,10,8,1,10,0.00,0,,200
2012-1-11,69,57,44,39,33,29,65,44,22,30.05,30.00,29.94,10,10,10,8,2,18,0.00,0,,165
2012-1-12,74,61,48,30,18,-6,43,25,6,30.04,29.99,29.94,10,10,10,13,2,18,0.00,0,,298
2012-1-13,74,58,41,17,11,1,33,20,6,30.16,30.10,30.05,10,10,10,8,1,10,0.00,0,,288
2012-1-14,68,56,43,25,17,9,37,25,12,30.17,30.12,30.08,10,10,10,8,2,10,0.00,0,,251
2012-1-15,60,50,40,49,34,20,83,56,28,30.13,30.08,30.04,10,10,10,12,4,15,T,6,,172
2012-1-16,57,52,47,48,43,38,93,77,61,30.21,30.11,30.06,10,10,8,14,6,,0.00,6,,151
2012-1-17,59,49,39,42,37,32,85,63,40,30.30,30.25,30.20,10,10,8,12,2,16,0.00,0,,236
2012-1-18,66,52,37,45,35,28,80,53,26,30.31,30.22,30.15,10,10,9,12,2,13,0.00,0,,205
2012-1-19,65,51,37,44,37,30,77,56,34,30.14,30.07,30.01,10,9,7,10,2,18,0.00,0,,174
2012-1-20,63,53,43,49,44,37,100,74,48,30.12,30.06,30.01,10,6,0,10,3,13,0.00,3,Fog,236
2012-1-21,65,56,46,54,46,28,100,65,29,30.09,30.00,29.95,10,5,1,22,9,28,0.35,6,Rain,126
2012-1-22,60,52,43,46,42,36,83,67,51,30.20,30.12,30.08,10,10,10,9,2,12,0.00,4,,171
2012-1-23,54,51,47,50,47,43,100,89,77,30.09,29.97,29.86,10,7,2,20,7,25,0.50,6,Rain,154
2012-1-24,71,59,46,43,36,26,80,50,19,30.21,30.12,30.01,10,10,10,24,7,30,0.00,0,,310
2012-1-25,85,66,46,41,37,34,71,44,17,30.20,30.14,30.07,10,10,10,20,4,24,0.00,0,,53
2012-1-26,84,67,50,51,39,30,64,39,14,30.10,30.03,29.95,10,10,10,17,6,23,0.00,0,,315
2012-1-27,77,65,52,51,33,5,86,48,10,30.08,30.00,29.95,10,10,10,28,9,33,0.00,0,,54
2012-1-28,75,63,50,23,13,-2,29,18,6,30.19,30.14,30.07,10,10,10,24,3,31,0.00,0,,90
2012-1-29,76,60,43,24,14,-1,39,22,5,30.21,30.12,30.04,10,10,10,9,2,13,0.00,0,,303
2012-1-30,69,55,41,46,32,18,77,46,14,30.03,29.98,29.94,10,10,10,13,4,16,0.00,0,,139
2012-1-31,65,55,45,49,42,36,100,67,34,30.14,30.05,29.98,10,8,4,12,3,15,0.00,3,,169
2012-2-1,68,58,47,48,42,34,77,57,36,30.17,30.09,30.02,10,10,5,14,4,20,0.00,0,,149
2012-2-2,68,57,45,47,43,32,93,66,39,30.05,29.97,29.88,10,7,2,10,3,18,0.00,0,,133
2012-2-3,70,56,42,37,24,13,71,43,15,30.01,29.98,29.94,10,10,10,9,3,14,0.00,0,,41
2012-2-4,70,56,42,27,21,16,49,31,13,30.06,30.01,29.97,10,10,8,12,3,18,0.00,0,,235
2012-2-5,71,57,42,32,26,19,53,34,15,30.05,30.00,29.94,10,10,9,10,1,14,0.00,0,,195
2012-2-6,69,57,45,34,28,22,49,33,17,30.01,29.95,29.90,10,10,10,9,2,15,0.00,0,,176
2012-2-7,64,59,54,46,39,25,72,50,28,29.98,29.90,29.85,10,10,7,20,6,28,0.01,5,Rain,121
2012-2-8,76,61,45,43,36,29,76,47,18,30.14,30.04,29.98,10,10,10,21,4,25,0.00,0,,322
2012-2-9,80,64,48,37,34,29,52,34,15,30.18,30.13,30.07,10,10,3,14,2,17,0.00,0,,209
2012-2-10,73,60,46,51,41,32,80,54,27,30.15,30.09,30.03,10,10,10,12,5,17,0.00,0,,142
2012-2-11,60,54,48,53,48,43,100,81,62,30.05,29.97,29.91,10,9,5,15,8,22,T,5,Rain,146
2012-2-12,63,53,43,47,43,38,89,66,42,30.02,29.97,29.92,10,10,10,14,3,17,0.00,3,,177
2012-2-13,58,52,46,49,42,32,89,65,40,30.01,29.93,29.85,10,9,3,18,7,25,0.02,6,Rain,188
2012-2-14,60,49,38,37,35,32,79,59,39,30.06,29.97,29.88,10,10,10,14,3,17,0.00,0,,175
2012-2-15,54,48,41,45,36,25,80,56,32,30.06,29.98,29.87,10,10,5,22,7,26,0.03,4,Rain,189
2012-2-16,68,56,44,28,24,19,49,33,16,30.11,30.04,29.96,10,10,10,32,9,39,0.00,0,,353
2012-2-17,70,59,47,31,25,20,46,31,15,30.13,30.10,30.05,10,10,10,14,7,18,0.00,0,,234
2012-2-18,63,52,40,46,39,28,83,61,39,30.12,30.06,30.00,10,10,7,14,4,18,0.00,2,,174
2012-2-19,61,54,46,45,43,37,93,70,47,30.08,30.01,29.95,10,10,8,13,4,15,0.00,4,,178
2012-2-20,61,52,43,44,41,36,86,69,51,30.12,30.07,30.02,10,10,10,10,3,14,0.00,2,,204
2012-2-21,73,57,41,40,32,23,83,50,16,30.14,30.10,30.05,10,10,10,13,3,18,0.00,0,,193
2012-2-22,79,65,50,44,35,30,51,35,19,30.11,30.01,29.90,10,10,10,13,4,16,0.00,0,,117
2012-2-23,79,64,48,51,38,31,60,39,18,29.91,29.84,29.77,10,10,8,12,4,14,0.00,0,,139
2012-2-24,80,64,47,52,44,30,100,59,17,30.14,30.02,29.93,10,7,0,14,5,17,0.00,2,Fog,150
2012-2-25,69,59,49,50,47,44,93,69,45,30.15,30.03,29.94,10,6,2,13,3,16,0.00,3,,154
2012-2-26,65,56,46,48,46,43,100,74,48,29.95,29.90,29.82,10,5,0,15,6,20,0.00,5,Fog,122
2012-2-27,54,49,44,45,40,32,77,66,54,29.92,29.84,29.80,10,10,10,21,10,26,T,6,Rain,195
2012-2-28,56,47,37,36,34,31,82,62,41,30.26,30.16,29.94,10,10,10,14,4,22,0.00,1,,165
2012-2-29,58,48,38,46,39,32,85,64,43,30.27,30.21,30.15,10,10,10,13,4,15,0.00,4,,234
2012-3-1,62,54,45,45,40,28,86,61,35,30.16,30.09,30.02,10,10,10,29,5,35,0.00,2,,223
2012-3-2,73,58,43,42,26,-7,86,45,4,30.24,30.12,30.06,10,10,10,25,4,30,0.00,0,,100
2012-3-3,78,61,43,25,18,10,40,25,9,30.25,30.20,30.15,10,10,10,12,3,18,0.00,0,,200
2012-3-4,86,67,48,30,24,18,46,27,8,30.14,30.04,29.95,10,10,10,10,3,16,0.00,0,,255
2012-3-5,82,68,54,44,33,24,55,34,13,30.00,29.94,29.89,10,10,10,12,3,18,0.00,0,,148
2012-3-6,58,53,48,48,41,13,100,61,21,29.91,29.85,29.75,10,7,0,28,9,38,0.00,5,Fog,132
2012-3-7,63,53,43,34,15,-1,56,33,10,30.14,30.00,29.86,10,10,10,29,9,37,0.00,0,,319
2012-3-8,74,57,39,23,18,12,50,30,10,30.25,30.19,30.13,10,10,10,13,3,15,0.00,0,,167
2012-3-9,82,64,45,22,18,14,37,23,8,30.24,30.12,29.99,10,10,10,14,5,21,0.00,0,,245
2012-3-10,75,62,48,48,29,14,77,47,16,30.00,29.96,29.91,10,10,10,14,6,18,0.00,0,,148
2012-3-11,63,57,50,49,45,42,89,69,48,30.05,30.00,29.96,10,10,8,13,7,17,0.00,4,,152
2012-3-12,65,58,50,47,44,43,86,67,48,30.07,30.01,29.94,10,10,7,12,5,16,0.00,4,,155
2012-3-13,63,56,49,47,45,44,93,73,52,30.09,30.04,30.00,10,8,5,13,4,,0.00,4,,148
2012-3-14,67,56,45,50,46,41,89,67,45,30.16,30.09,30.05,10,9,6,13,4,16,0.00,1,,147
2012-3-15,66,59,51,50,48,47,89,71,52,30.13,30.08,30.03,10,8,5,13,6,17,0.00,4,,146
2012-3-16,60,56,52,52,49,48,93,80,67,30.09,29.99,29.91,10,8,4,12,6,14,T,8,,152
2012-3-17,53,48,43,52,47,37,100,87,74,29.93,29.75,29.68,10,6,1,25,10,35,0.93,7,Rain,178
2012-3-18,56,49,41,41,34,29,89,65,41,29.91,29.78,29.69,10,10,7,26,7,32,0.01,5,Rain,263
2012-3-19,58,48,38,33,29,16,82,51,20,30.02,29.93,29.89,10,10,10,13,4,18,0.00,0,,214
2012-3-20,67,54,41,38,33,28,73,50,26,30.12,30.08,30.03,10,10,10,14,3,22,0.00,0,,222
2012-3-21,76,61,46,41,37,30,71,47,23,30.09,30.01,29.92,10,10,10,13,2,24,0.00,0,,194
2012-3-22,73,61,49,49,42,34,89,58,26,29.97,29.90,29.85,10,9,4,15,5,22,0.00,0,,150
2012-3-23,66,59,51,49,48,45,89,69,48,30.04,29.98,29.94,10,7,4,13,4,20,0.00,5,,166
2012-3-24,67,58,49,48,46,40,93,65,37,29.99,29.94,29.87,10,9,6,17,5,25,0.00,4,,187
2012-3-25,54,50,45,50,45,41,96,81,66,29.94,29.87,29.78,10,7,2,29,10,39,1.38,8,Rain,131
2012-3-26,61,54,46,46,45,43,100,77,53,30.11,30.04,29.94,10,9,3,14,4,18,0.02,5,Rain,177
2012-3-27,65,54,43,43,40,34,89,63,36,30.08,30.04,30.01,10,10,10,12,4,16,0.00,0,,215
2012-3-28,67,56,45,51,45,38,86,67,48,30.09,30.04,29.99,10,10,10,16,4,20,0.00,0,,298
2012-3-29,70,61,52,52,50,49,93,70,47,30.07,30.01,29.94,10,6,3,14,5,23,0.00,3,,132
2012-3-30,69,60,50,52,51,48,100,78,55,30.01,29.96,29.91,8,4,2,12,4,14,0.00,4,,141
2012-3-31,61,55,48,52,50,43,100,82,64,30.04,29.98,29.95,10,5,2,13,7,17,0.09,8,Rain,169
2012-4-1,64,54,43,43,36,29,89,58,27,30.03,29.99,29.94,10,10,10,25,13,38,0.00,1,,315
2012-4-2,79,67,54,34,27,17,41,26,10,30.02,29.94,29.85,10,10,10,18,8,23,0.00,0,,314
2012-4-3,77,63,49,44,33,25,56,35,14,29.98,29.94,29.90,10,10,10,13,4,16,0.00,0,,163
2012-4-4,73,62,50,47,40,35,72,50,28,29.96,29.91,29.85,10,10,10,13,5,23,0.00,0,,161
2012-4-5,65,57,49,47,38,21,80,52,24,30.00,29.90,29.85,10,10,10,20,6,23,0.00,0,,176
2012-4-6,74,60,46,30,22,16,38,25,12,30.07,30.01,29.96,10,10,10,23,5,30,0.00,0,,278
2012-4-7,84,67,49,26,16,4,30,18,5,30.06,30.00,29.93,10,10,10,14,3,16,0.00,0,,140
2012-4-8,81,64,47,35,25,13,53,31,8,30.02,29.99,29.96,10,10,10,13,4,17,0.00,0,,163
2012-4-9,79,63,47,47,32,24,83,49,15,29.99,29.94,29.89,10,10,10,14,4,20,0.00,0,,168
2012-4-10,68,57,46,48,41,31,83,63,42,29.93,29.88,29.83,10,10,8,20,7,24,0.12,1,Rain,169
2012-4-11,60,54,48,50,47,43,93,80,66,30.11,29.95,29.84,10,8,1,25,8,31,0.76,7,Rain-Thunderstorm,167
2012-4-12,60,54,47,47,44,42,86,74,61,30.18,30.11,30.05,10,10,10,15,5,20,0.00,6,,195
2012-4-13,53,49,45,50,46,37,89,78,66,30.04,29.85,29.73,10,9,2,24,10,33,0.89,7,Rain,152
2012-4-14,62,51,39,40,36,33,86,60,34,30.06,29.90,29.79,10,10,10,14,6,22,0.00,2,,322
2012-4-15,68,56,43,49,44,39,89,66,42,30.15,30.10,30.07,10,10,10,13,4,16,0.00,1,,151
2012-4-16,79,64,48,48,41,30,83,50,17,30.14,30.09,30.04,10,10,10,12,4,23,0.00,0,,213
2012-4-17,82,67,52,48,42,35,66,43,20,30.04,29.99,29.93,10,10,10,14,4,21,0.00,0,,150
2012-4-18,78,67,56,52,48,45,72,55,38,29.97,29.93,29.88,10,10,10,13,6,17,0.00,0,,149
2012-4-19,78,66,54,55,53,51,93,68,43,29.97,29.92,29.87,10,8,2,13,7,21,0.00,2,,127
2012-4-20,95,76,56,55,52,43,86,52,18,29.94,29.91,29.85,10,9,5,14,5,22,0.00,0,,126
2012-4-21,86,72,57,57,55,54,93,65,37,29.96,29.90,29.83,10,6,2,17,5,21,0.00,1,,135
2012-4-22,74,65,55,57,55,53,93,75,57,29.97,29.92,29.90,10,4,2,15,6,21,0.00,5,,172
2012-4-23,59,56,53,54,52,49,100,86,72,30.04,29.99,29.94,10,6,2,10,4,14,T,8,,173
2012-4-24,70,62,54,50,49,48,83,65,47,30.05,30.00,29.93,10,10,10,10,4,16,0.00,3,,184
2012-4-25,83,70,56,55,52,48,100,67,34,29.99,29.88,29.70,10,10,8,31,6,38,0.10,3,Rain,183
2012-4-26,63,59,54,56,54,51,93,80,67,30.04,29.94,29.82,10,9,3,13,6,17,0.27,7,Rain,145
2012-4-27,70,61,51,52,49,47,96,72,47,30.06,30.00,29.92,10,10,10,14,4,18,0.00,2,,153
2012-4-28,81,66,51,53,49,46,83,59,35,29.92,29.82,29.73,10,10,10,13,6,18,0.00,0,,129
2012-4-29,77,66,54,55,53,50,89,66,43,29.92,29.84,29.78,10,10,9,14,5,18,0.00,1,,175
2012-4-30,71,65,58,56,54,53,86,74,61,29.96,29.92,29.90,10,8,5,15,5,18,0.00,5,,176
2012-5-1,60,58,56,55,54,52,100,90,80,29.94,29.89,29.87,10,8,3,9,4,12,T,8,Rain,160
2012-5-2,65,60,55,54,52,50,93,78,63,29.97,29.92,29.87,10,9,3,12,5,16,T,8,Rain,150
2012-5-3,67,61,55,52,50,48,86,71,56,30.02,29.99,29.94,10,10,10,12,5,17,0.00,7,,160
2012-5-4,70,61,52,52,51,48,83,68,53,30.05,30.01,29.98,10,10,10,14,5,18,0.00,2,,158
2012-5-5,74,63,51,54,51,48,89,67,44,29.99,29.95,29.91,10,10,8,13,6,17,0.00,0,,136
2012-5-6,74,65,55,55,53,52,93,71,49,29.99,29.94,29.90,10,8,2,13,6,17,0.00,3,,146
2012-5-7,79,67,55,56,54,53,93,68,42,29.98,29.91,29.85,10,8,3,15,6,,0.00,2,,137
2012-5-8,86,70,54,56,53,48,89,62,34,29.90,29.84,29.79,10,10,8,17,5,24,0.00,0,,115
2012-5-9,84,71,57,57,53,45,84,59,34,29.86,29.83,29.78,10,10,10,14,6,,0.00,0,,135
2012-5-10,75,67,58,56,55,53,87,69,50,29.92,29.87,29.83,10,8,5,15,7,21,0.00,4,,149
2012-5-11,73,65,56,53,51,50,86,65,44,30.00,29.92,29.87,10,9,6,14,6,17,0.00,4,,177
2012-5-12,75,66,56,55,53,52,93,71,49,30.06,30.01,29.97,10,8,5,14,5,16,0.00,3,,175
2012-5-13,77,66,54,55,54,52,100,75,50,30.07,30.02,29.96,10,7,2,15,6,17,0.00,3,,148
2012-5-14,79,67,54,54,50,45,89,62,35,30.02,29.96,29.91,10,10,7,13,5,29,0.00,0,,161
2012-5-15,77,65,53,52,49,45,77,59,40,29.93,29.88,29.83,10,10,10,14,5,21,0.00,0,,148
2012-5-16,85,71,57,55,51,47,72,53,34,29.88,29.82,29.76,10,10,10,13,5,22,0.00,0,,154
2012-5-17,79,69,58,57,54,48,80,64,48,29.87,29.81,29.76,10,9,7,15,7,21,0.00,1,,149
2012-5-18,72,65,57,54,51,48,86,67,47,29.88,29.84,29.81,10,9,6,13,6,18,0.00,4,,184
2012-5-19,80,67,54,55,53,48,84,65,45,29.91,29.88,29.83,10,10,6,13,4,15,0.00,1,,152
2012-5-20,92,75,57,58,55,52,86,57,28,29.91,29.87,29.81,10,9,6,14,5,21,0.00,0,,124
2012-5-21,87,73,58,57,54,49,84,57,29,29.91,29.89,29.85,10,9,7,13,5,21,0.00,0,,135
2012-5-22,83,72,60,58,55,50,78,57,35,29.88,29.84,29.78,10,10,9,16,9,24,0.00,0,,128
2012-5-23,78,69,59,58,55,48,90,67,43,29.81,29.72,29.65,10,9,5,18,10,23,0.00,0,,135
2012-5-24,72,65,58,55,54,52,86,70,53,29.74,29.68,29.62,10,10,9,14,7,18,0.00,3,,167
2012-5-25,66,60,54,56,50,39,80,62,43,29.79,29.71,29.67,10,9,5,20,11,25,T,6,Rain,148
2012-5-26,66,58,49,46,42,39,77,59,40,30.02,29.93,29.80,10,10,10,15,7,25,0.00,2,,145
2012-5-27,76,63,50,51,47,41,80,55,29,30.03,29.97,29.91,10,10,10,12,5,16,0.00,0,,156
2012-5-28,84,70,56,53,49,40,72,47,22,29.93,29.90,29.85,10,10,10,13,5,,0.00,0,,133
2012-5-29,82,70,57,53,49,35,80,50,20,29.96,29.92,29.89,10,10,10,13,6,16,0.00,0,,146
2012-5-30,77,68,58,54,52,50,80,60,40,30.00,29.96,29.92,10,10,10,14,6,20,0.00,0,,153
2012-5-31,86,72,58,57,55,54,93,67,40,29.96,29.86,29.76,10,9,4,14,6,28,0.00,1,,135
2012-6-1,82,70,58,59,57,55,90,69,48,29.87,29.81,29.76,10,8,5,15,7,20,0.00,1,,139
2012-6-2,77,69,60,57,56,55,90,70,50,29.88,29.83,29.80,10,7,3,14,6,18,0.00,4,,171
2012-6-3,76,69,61,56,55,54,84,65,46,29.94,29.86,29.81,10,9,6,14,7,21,0.00,4,,180
2012-6-4,72,66,59,56,55,54,84,71,57,29.97,29.93,29.88,10,9,6,14,6,23,0.00,5,,175
2012-6-5,76,67,58,55,44,26,93,55,16,29.97,29.91,29.85,10,10,10,20,8,26,0.00,2,,175
2012-6-6,79,67,54,51,47,41,65,49,32,29.87,29.81,29.74,10,10,10,13,6,18,0.00,0,,135
2012-6-7,84,71,58,55,50,47,72,52,32,29.84,29.81,29.78,10,10,10,13,6,22,0.00,0,,140
2012-6-8,77,68,59,56,54,50,78,62,46,29.84,29.81,29.78,10,10,10,15,6,20,0.00,0,,153
2012-6-9,73,66,59,56,54,53,84,69,53,29.85,29.80,29.75,10,9,6,15,7,20,0.00,4,,173
2012-6-10,78,69,59,55,54,53,84,65,46,29.91,29.84,29.80,10,9,6,13,7,17,0.00,3,,172
2012-6-11,79,69,58,57,56,54,87,68,48,29.96,29.91,29.88,10,9,4,10,5,13,0.00,3,,171
2012-6-12,80,69,58,58,56,55,87,68,48,29.98,29.91,29.83,10,8,3,15,5,22,0.00,3,,168
2012-6-13,75,67,59,57,56,55,87,70,53,29.90,29.82,29.75,10,7,3,15,7,20,0.00,4,,175
2012-6-14,76,68,60,56,55,54,84,69,53,29.85,29.80,29.76,10,9,6,14,6,17,0.00,5,,169
2012-6-15,73,67,60,56,55,53,84,69,53,29.85,29.81,29.77,10,10,9,13,5,17,0.00,5,,179
2012-6-16,79,70,60,58,56,55,90,69,48,29.88,29.81,29.77,10,9,6,13,6,15,0.00,3,,154
2012-6-17,89,74,59,59,57,54,90,62,34,29.89,29.86,29.81,10,10,8,13,6,20,0.00,0,,133
2012-6-18,79,69,59,58,57,55,93,71,48,29.91,29.86,29.80,10,7,3,14,7,22,0.00,3,,142
2012-6-19,77,68,58,56,55,55,87,69,50,29.89,29.84,29.78,10,9,4,15,7,20,0.00,3,,170
2012-6-20,79,69,58,57,55,53,93,68,43,29.86,29.81,29.76,10,9,4,13,5,17,0.00,3,,167
2012-6-21,77,68,58,57,56,55,93,72,50,29.93,29.86,29.83,10,8,4,15,7,17,0.00,3,,175
2012-6-22,77,68,58,56,55,53,93,70,46,29.93,29.84,29.77,10,8,4,13,7,22,0.00,3,,156
2012-6-23,79,68,57,55,54,51,86,63,40,29.84,29.79,29.76,10,10,10,13,5,17,0.00,0,,152
2012-6-24,84,71,58,54,49,39,80,51,22,29.95,29.89,29.84,10,10,10,14,6,18,0.00,0,,134
2012-6-25,81,68,55,52,43,30,77,47,17,29.99,29.94,29.88,10,10,10,14,5,18,0.00,0,,144
2012-6-26,84,70,56,52,45,34,69,46,22,29.90,29.83,29.77,10,10,10,13,5,22,0.00,0,,151
2012-6-27,88,73,58,54,47,40,67,43,19,29.90,29.83,29.78,10,10,10,13,5,18,0.00,0,,146
2012-6-28,87,73,58,56,48,39,73,48,23,29.98,29.94,29.90,10,10,10,15,5,20,0.00,0,,144
2012-6-29,84,72,59,56,51,44,78,52,25,29.99,29.95,29.89,10,10,7,14,6,17,0.00,0,,148
2012-6-30,83,72,60,56,53,48,84,59,33,29.93,29.87,29.82,10,10,10,16,7,20,0.00,0,,141
2012-7-1,80,70,60,57,56,56,90,68,45,29.88,29.83,29.78,10,9,5,13,7,18,0.00,1,,147
2012-7-2,80,71,61,59,57,55,84,67,50,29.85,29.82,29.79,10,10,10,14,7,17,0.00,0,,162
2012-7-3,77,70,62,58,58,57,84,69,54,29.91,29.86,29.81,10,9,4,14,7,20,0.00,4,,172
2012-7-4,75,68,61,58,57,55,90,74,57,29.94,29.88,29.85,10,8,4,16,6,22,0.00,5,,185
2012-7-5,77,68,59,59,57,54,84,69,54,29.98,29.93,29.88,10,7,3,15,7,18,0.00,4,,177
2012-7-6,82,71,59,58,56,55,87,66,45,30.02,29.95,29.89,10,9,6,13,5,23,0.00,3,,159
2012-7-7,83,70,57,57,55,53,93,65,37,29.98,29.94,29.91,10,9,5,14,6,20,0.00,0,,147
2012-7-8,88,71,54,56,51,21,100,55,9,30.00,29.95,29.89,10,7,0,13,5,17,0.00,1,Fog,138
2012-7-9,93,78,62,55,51,43,78,48,17,29.92,29.87,29.81,10,10,10,12,5,20,0.00,0,,129
2012-7-10,96,81,66,56,53,49,68,45,22,29.86,29.82,29.75,10,10,10,14,5,22,0.00,0,,124
2012-7-11,97,81,65,58,54,50,68,47,25,29.85,29.80,29.74,10,10,10,15,6,24,0.00,0,,135
2012-7-12,92,78,64,68,60,54,78,57,36,29.85,29.80,29.75,10,10,10,20,4,24,T,2,Rain,135
2012-7-13,92,81,69,64,61,55,73,52,30,29.90,29.84,29.78,10,10,8,13,5,18,T,0,Rain,125
2012-7-14,88,75,62,60,58,55,78,56,34,29.91,29.87,29.82,10,10,9,13,6,18,0.00,0,,143
2012-7-15,81,71,60,58,56,54,84,63,42,29.95,29.90,29.83,10,8,3,15,7,18,0.00,3,,164
2012-7-16,75,68,60,55,54,52,84,65,46,29.97,29.91,29.88,10,10,10,15,7,21,0.00,4,,171
2012-7-17,75,68,61,56,54,52,78,64,49,29.98,29.94,29.91,10,10,10,14,6,20,0.00,3,,174
2012-7-18,88,74,60,56,49,33,84,50,15,29.96,29.91,29.86,10,10,10,13,3,16,0.00,0,,221
2012-7-19,93,81,69,59,52,46,66,45,24,29.93,29.88,29.84,10,10,10,13,7,21,0.00,0,,140
2012-7-20,91,80,68,59,57,53,68,50,31,29.96,29.92,29.86,10,10,10,13,5,17,0.00,0,,139
2012-7-21,91,78,65,60,57,54,73,51,29,29.93,29.88,29.81,10,10,10,12,6,17,0.00,0,,136
2012-7-22,89,77,64,60,59,57,87,62,36,29.95,29.89,29.84,10,10,9,15,6,18,0.00,0,,136
2012-7-23,83,72,61,60,57,54,90,65,39,29.95,29.92,29.87,10,10,9,13,7,22,0.00,0,,136
2012-7-24,85,72,58,57,54,47,100,64,28,30.02,29.95,29.87,10,8,2,12,6,18,0.00,2,,148
2012-7-25,82,69,56,55,54,49,100,69,38,30.03,29.96,29.89,10,9,2,13,6,16,0.00,2,,155
2012-7-26,83,70,57,55,53,47,93,62,30,30.02,29.94,29.88,10,9,4,13,6,16,0.00,2,,158
2012-7-27,82,69,56,55,53,47,93,62,30,30.03,29.95,29.89,10,9,5,12,6,18,0.00,2,,142
2012-7-28,84,70,56,55,51,42,80,56,31,29.96,29.93,29.88,10,10,10,13,5,17,0.00,0,,141
2012-7-29,84,72,59,57,54,44,78,58,37,29.96,29.91,29.85,10,10,10,13,5,21,0.00,0,,149
2012-7-30,85,74,62,60,57,52,78,59,40,29.95,29.91,29.86,10,10,10,15,5,18,0.00,0,,155
2012-7-31,84,74,64,60,58,54,78,58,37,29.99,29.95,29.92,10,10,10,13,6,18,0.00,0,,150
2012-8-1,89,76,62,60,55,42,93,57,21,30.02,29.97,29.91,10,9,5,14,6,23,0.00,0,,146
2012-8-2,87,75,63,58,56,53,84,58,32,29.97,29.91,29.84,10,10,10,14,6,18,0.00,0,,146
2012-8-3,84,74,63,59,58,55,84,62,40,29.93,29.86,29.78,10,8,3,13,6,16,0.00,2,,159
2012-8-4,83,73,63,60,59,58,90,69,47,29.90,29.86,29.83,10,9,5,12,6,,T,2,Rain,163
2012-8-5,91,77,63,61,59,57,84,60,36,29.95,29.92,29.87,10,10,10,13,5,21,0.00,0,,135
2012-8-6,102,85,67,59,57,54,73,47,21,29.96,29.91,29.85,10,10,10,12,5,18,0.00,0,,131
2012-8-7,100,86,71,60,58,53,68,45,21,29.91,29.86,29.81,10,10,10,13,4,21,0.00,0,,139
2012-8-8,100,86,72,60,58,55,61,43,24,29.89,29.84,29.79,10,10,10,14,5,25,0.00,0,,122
2012-8-9,102,88,73,58,57,54,57,40,23,29.87,29.81,29.75,10,10,10,16,5,21,0.00,0,,144
2012-8-10,100,87,73,59,57,54,57,40,23,29.78,29.73,29.64,10,10,10,14,6,23,0.00,0,,146
2012-8-11,101,88,75,62,58,51,60,42,24,29.78,29.73,29.70,10,10,10,16,5,18,0.00,0,,148
2012-8-12,101,89,76,62,58,52,60,40,19,29.80,29.76,29.70,10,10,10,13,5,18,0.00,0,,138
2012-8-13,98,87,75,62,59,55,60,44,28,29.80,29.76,29.72,10,10,10,13,5,17,0.00,0,,151
2012-8-14,97,84,71,61,58,54,66,47,27,29.81,29.76,29.70,10,10,10,12,6,16,0.00,0,,135
2012-8-15,92,81,70,59,55,45,66,44,22,29.83,29.79,29.75,10,10,10,15,5,21,0.00,0,,151
2012-8-16,98,85,72,59,50,39,49,32,15,29.86,29.82,29.77,10,10,10,13,4,17,0.00,0,,150
2012-8-17,99,88,76,55,50,44,47,32,16,29.88,29.84,29.78,10,10,10,13,5,18,T,0,,158
2012-8-18,95,85,75,60,56,51,54,42,29,29.89,29.84,29.77,10,10,10,13,6,17,0.00,0,,132
2012-8-19,95,84,72,58,56,52,57,42,26,29.86,29.81,29.75,10,10,10,13,5,20,0.00,0,,145
2012-8-20,92,82,71,63,59,56,68,51,34,29.87,29.84,29.78,10,10,10,14,5,18,0.00,0,,163
2012-8-21,88,79,70,64,62,57,79,61,43,29.88,29.85,29.81,10,10,10,14,7,20,0.00,0,,154
2012-8-22,84,76,67,64,63,61,84,68,51,29.91,29.87,29.82,10,10,8,15,7,25,0.00,1,,152
2012-8-23,84,75,65,64,62,61,87,69,51,29.95,29.88,29.82,10,8,5,14,6,24,0.00,3,,162
2012-8-24,85,75,65,63,61,58,87,65,43,29.91,29.86,29.80,10,8,5,13,6,15,0.00,4,,170
2012-8-25,82,73,63,61,59,56,87,66,45,29.91,29.85,29.79,10,8,5,14,6,18,0.00,4,,175
2012-8-26,86,74,62,58,54,41,84,53,21,29.96,29.89,29.84,10,9,6,12,5,15,0.00,3,,157
2012-8-27,95,78,61,56,42,24,68,38,8,29.95,29.90,29.84,10,10,10,12,4,21,0.00,0,,176
2012-8-28,98,84,70,55,50,41,46,32,17,29.89,29.84,29.78,10,10,10,12,4,16,0.00,0,,153
2012-8-29,96,86,76,62,58,52,60,44,28,29.81,29.77,29.71,10,10,10,14,6,20,0.00,0,,145
2012-8-30,95,84,72,65,60,50,73,52,30,29.82,29.77,29.74,10,10,10,21,5,26,T,1,Rain,146
2012-8-31,90,80,70,60,55,45,64,43,21,29.87,29.83,29.80,10,10,10,14,5,21,0.00,0,,156
2012-9-1,90,76,61,51,42,35,53,35,16,29.92,29.88,29.85,10,10,10,14,4,18,0.00,0,,163
2012-9-2,92,76,60,55,39,32,61,37,12,29.90,29.87,29.82,10,10,10,12,4,16,0.00,0,,155
2012-9-3,95,79,62,57,45,27,63,36,9,29.94,29.90,29.86,10,10,10,13,4,16,0.00,0,,134
2012-9-4,96,82,68,58,45,19,66,36,6,29.98,29.93,29.86,10,10,10,14,5,17,0.00,0,,158
2012-9-5,86,79,72,56,49,39,53,37,20,29.96,29.92,29.87,10,10,10,12,4,18,T,2,Rain,270
2012-9-6,89,79,69,60,56,51,73,54,34,29.96,29.91,29.88,10,10,10,14,5,18,0.00,0,,154
2012-9-7,89,80,70,62,59,56,70,53,36,30.00,29.94,29.89,10,10,8,13,5,16,0.00,0,,129
2012-9-8,93,82,70,61,59,57,73,55,36,29.93,29.87,29.79,10,10,10,15,5,20,0.00,0,,130
2012-9-9,98,85,72,63,59,55,66,46,25,29.90,29.82,29.75,10,10,10,14,5,22,0.00,0,,142
2012-9-10,90,82,73,65,62,59,73,58,43,29.88,29.84,29.79,10,10,10,13,5,20,0.00,0,,165
2012-9-11,83,77,70,65,65,64,84,71,58,29.98,29.89,29.83,10,10,6,14,6,17,0.00,2,,170
2012-9-12,88,78,68,65,64,63,84,65,46,30.03,29.95,29.88,10,8,4,12,5,16,0.00,3,,156
2012-9-13,98,82,66,64,59,50,87,55,23,30.01,29.95,29.87,10,8,4,12,4,18,0.00,0,,131
2012-9-14,104,86,68,62,45,34,64,37,9,29.97,29.93,29.86,10,10,10,15,4,22,0.00,0,,246
2012-9-15,101,87,73,51,43,35,41,26,11,29.98,29.93,29.88,10,10,10,14,4,23,0.00,0,,158
2012-9-16,90,80,70,65,54,43,84,56,27,30.01,29.95,29.91,10,10,5,13,7,18,0.00,1,,145
2012-9-17,87,77,67,65,61,55,84,61,37,30.03,29.97,29.90,10,7,3,14,4,16,0.00,2,,158
2012-9-18,89,76,62,60,53,48,78,51,24,29.99,29.94,29.89,10,10,10,13,4,16,0.00,0,,141
2012-9-19,94,79,64,57,52,47,61,43,24,29.95,29.91,29.85,10,10,10,12,3,16,0.00,0,,139
2012-9-20,98,82,66,58,53,49,57,40,22,29.92,29.87,29.82,10,10,10,12,3,15,0.00,0,,142
2012-9-21,96,82,67,60,57,51,78,52,26,29.90,29.85,29.79,10,10,8,13,5,15,0.00,0,,129
2012-9-22,94,82,70,60,57,47,73,48,23,29.91,29.86,29.83,10,10,8,10,3,15,0.00,0,,150
2012-9-23,98,84,70,60,49,43,58,38,17,29.93,29.89,29.86,10,10,10,13,4,18,0.00,0,,235
2012-9-24,87,76,64,59,54,45,78,54,30,29.95,29.89,29.85,10,10,10,14,6,17,0.00,0,,145
2012-9-25,82,71,60,59,56,50,84,62,39,29.90,29.86,29.80,10,9,5,14,5,24,0.00,0,,150
2012-9-26,84,72,60,58,56,50,90,64,37,29.90,29.84,29.78,10,8,2,13,4,20,0.00,2,,159
2012-9-27,88,76,63,60,56,50,84,58,31,29.91,29.86,29.81,10,10,7,13,4,16,0.00,0,,140
2012-9-28,90,77,64,60,52,43,87,53,19,29.91,29.86,29.80,10,10,8,13,3,16,0.00,0,,169
2012-9-29,95,80,65,57,48,29,63,37,10,29.95,29.90,29.85,10,10,10,10,3,14,0.00,0,,234
2012-9-30,101,83,65,57,45,40,57,35,12,29.95,29.90,29.86,10,10,10,12,3,15,0.00,0,,208
2012-10-1,105,86,67,56,40,29,50,29,7,29.92,29.85,29.78,10,10,9,15,4,18,0.00,0,,249
2012-10-2,102,86,69,58,42,33,54,32,10,29.84,29.80,29.76,10,10,10,13,3,16,0.00,0,,257
2012-10-3,89,77,64,60,54,45,84,57,29,29.99,29.91,29.84,10,10,6,13,6,16,0.00,0,,144
2012-10-4,80,71,61,59,56,54,90,66,42,30.11,30.03,29.99,10,8,5,13,5,17,0.00,3,,151
2012-10-5,78,69,59,58,56,53,90,70,50,30.06,29.99,29.90,10,8,3,10,4,17,0.00,2,,145
2012-10-6,82,71,59,60,56,48,78,62,45,29.95,29.90,29.83,10,10,8,12,4,,0.00,0,,140
2012-10-7,80,71,61,60,58,52,84,68,51,29.91,29.88,29.83,10,10,10,12,4,15,0.00,0,,156
2012-10-8,78,70,62,59,57,56,90,69,47,29.98,29.93,29.89,10,9,5,12,4,16,0.00,2,,135
2012-10-9,75,67,58,56,54,51,84,67,49,30.00,29.94,29.89,10,10,6,12,4,17,0.00,3,,185
2012-10-10,73,66,58,54,51,48,86,65,44,29.98,29.93,29.87,10,10,5,14,5,20,0.00,3,,174
2012-10-11,69,61,53,53,51,45,89,69,48,29.96,29.90,29.86,10,10,4,20,4,22,0.12,4,Rain-Thunderstorm,159
2012-10-12,70,61,52,52,50,47,89,67,45,30.13,30.06,29.96,10,10,10,12,3,15,0.00,4,,188
2012-10-13,78,66,53,53,51,48,83,61,38,30.17,30.10,30.01,10,10,10,10,2,12,0.00,0,,188
2012-10-14,93,74,55,53,45,35,72,43,14,30.05,29.98,29.91,10,10,10,13,3,16,0.00,0,,196
2012-10-15,93,78,62,46,42,39,48,32,15,29.92,29.87,29.81,10,10,10,13,3,16,0.00,0,,199
2012-10-16,93,77,60,54,45,38,53,35,16,29.85,29.78,29.70,10,10,10,13,3,17,0.00,0,,178
2012-10-17,98,81,63,54,44,33,58,35,12,29.82,29.75,29.72,10,10,10,10,2,14,0.00,0,,103
2012-10-18,79,72,65,64,58,43,81,58,35,30.09,29.99,29.83,10,10,10,16,5,24,0.00,4,,160
2012-10-19,79,70,60,62,59,52,90,72,54,30.00,29.92,29.85,10,9,6,13,5,,0.00,2,,166
2012-10-20,71,67,63,61,59,57,93,77,61,29.92,29.85,29.80,10,7,3,12,6,15,T,8,Rain,148
2012-10-21,73,68,63,58,57,55,84,71,57,29.91,29.86,29.82,10,10,10,13,6,17,T,7,Rain,158
2012-10-22,70,66,61,56,54,50,84,70,55,29.96,29.92,29.87,10,10,10,15,7,20,0.00,7,,178
2012-10-23,69,62,55,55,48,36,93,62,30,29.97,29.93,29.89,10,10,7,13,5,21,T,4,Rain,177
2012-10-24,77,65,53,48,35,24,77,46,15,30.04,29.98,29.94,10,10,10,31,8,37,0.00,1,,326
2012-10-25,83,72,61,38,35,29,39,29,19,30.04,29.98,29.90,10,10,10,23,11,28,0.00,0,,308
2012-10-26,85,70,55,36,28,17,41,26,11,30.01,29.94,29.89,10,10,10,9,2,12,0.00,0,,109
2012-10-27,91,73,54,33,26,18,35,22,8,29.90,29.86,29.79,10,10,10,10,3,13,0.00,0,,75
2012-10-28,88,72,56,43,31,23,40,25,9,30.00,29.91,29.87,10,10,10,10,2,13,0.00,0,,159
2012-10-29,86,70,53,42,35,30,54,34,14,30.07,30.01,29.97,10,10,5,12,2,14,0.00,0,,186
2012-10-30,82,67,51,54,40,32,78,49,19,30.05,29.99,29.94,10,10,7,10,3,,0.00,0,,156
2012-10-31,75,63,51,54,47,37,86,64,41,30.03,29.98,29.93,10,8,4,10,4,20,0.00,0,,141
2012-11-1,70,61,52,52,50,46,86,67,47,30.03,29.97,29.92,10,6,2,9,3,17,0.00,3,,190
2012-11-2,73,64,54,55,50,48,86,65,44,30.01,29.96,29.88,10,7,3,10,3,14,0.00,3,,149
2012-11-3,82,66,50,52,45,40,77,52,26,30.02,29.99,29.95,10,9,5,9,2,,0.00,0,,192
2012-11-4,91,72,52,43,31,22,53,31,8,30.07,30.03,29.99,10,10,10,9,2,12,0.00,0,,239
2012-11-5,93,75,57,37,31,25,37,23,9,30.06,30.01,29.96,10,10,10,10,3,15,0.00,0,,172
2012-11-6,85,71,56,58,43,34,78,50,22,30.06,30.01,29.97,10,10,4,10,4,,0.00,0,,147
2012-11-7,74,65,56,57,54,52,100,75,49,30.07,30.00,29.92,10,3,0,10,3,,0.00,3,Fog,169
2012-11-8,65,61,57,55,53,50,93,78,63,30.03,29.91,29.85,10,8,2,14,6,20,0.05,7,Rain,165
2012-11-9,64,56,47,50,40,33,77,56,34,29.91,29.87,29.82,10,10,10,20,5,24,0.00,3,,257
2012-11-10,62,53,43,35,27,20,71,47,22,30.15,30.03,29.92,10,10,10,21,9,25,0.00,1,,313
2012-11-11,66,53,40,26,19,11,45,29,12,30.27,30.22,30.13,10,10,10,14,2,16,0.00,0,,237
2012-11-12,72,57,41,25,19,11,46,28,9,30.25,30.16,30.08,10,10,10,9,2,13,0.00,0,,208
2012-11-13,83,65,46,23,14,5,38,22,5,30.10,30.04,29.98,10,10,10,10,4,14,0.00,0,,323
2012-11-14,81,65,49,36,23,11,43,26,8,30.05,30.01,29.95,10,10,10,8,2,13,0.00,0,,100
2012-11-15,68,61,53,48,35,26,57,40,22,30.08,30.05,29.99,10,10,9,9,3,15,0.01,3,Rain,172
2012-11-16,69,61,53,56,49,40,86,61,35,30.10,30.05,29.99,10,9,4,14,4,20,0.10,8,Rain,181
2012-11-17,64,61,58,57,56,54,93,86,78,30.10,30.05,30.01,10,7,2,16,7,22,0.32,8,Rain,143
2012-11-18,67,60,53,57,53,49,93,75,56,30.16,30.10,30.05,10,9,4,9,3,13,0.03,5,Rain,211
2012-11-19,70,60,50,52,49,46,89,68,47,30.23,30.17,30.13,10,10,10,8,3,12,0.00,1,,247
2012-11-20,73,61,48,50,46,41,89,62,35,30.14,30.07,30.00,10,10,10,9,2,,0.00,0,,146
2012-11-21,69,59,48,52,48,41,83,68,52,30.09,30.03,29.99,10,10,8,9,2,,0.00,0,,141
2012-11-22,76,62,48,54,49,44,89,64,38,30.10,30.05,30.01,10,9,5,7,2,12,0.00,0,,130
2012-11-23,84,67,49,46,40,28,80,47,14,30.14,30.08,30.04,10,10,10,8,2,12,0.00,0,,206
2012-11-24,87,69,51,44,33,22,51,30,9,30.06,29.98,29.91,10,10,10,9,2,12,0.00,0,,289
2012-11-25,71,60,49,55,48,38,93,69,44,29.95,29.90,29.85,10,7,1,10,4,17,0.00,1,,135
2012-11-26,68,60,52,52,49,46,86,69,52,30.09,30.03,29.96,8,4,2,9,3,15,0.00,3,,159
2012-11-27,72,61,49,52,49,43,86,65,44,30.15,30.09,30.02,10,6,4,10,3,21,0.00,1,,154
2012-11-28,65,60,54,55,51,48,93,75,56,30.19,30.14,30.09,10,5,2,14,5,18,0.01,7,Rain,137
2012-11-29,62,59,56,59,56,54,93,89,84,30.21,30.16,30.12,8,4,2,14,7,20,0.09,8,Rain,147
2012-11-30,66,63,59,61,59,55,93,86,78,30.14,30.11,30.04,10,7,2,13,6,20,0.16,7,Rain,142
2012-12-1,66,63,59,59,57,55,90,82,73,30.17,30.11,30.06,10,7,2,8,4,12,0.04,8,Rain,162
2012-12-2,63,61,58,58,56,55,93,86,78,30.14,30.09,30.05,10,7,2,10,5,15,0.14,8,Rain,138
2012-12-3,68,63,57,58,56,53,100,82,63,30.17,30.12,30.07,10,7,2,10,5,17,0.06,6,Rain,151
2012-12-4,71,62,53,56,51,45,93,72,51,30.22,30.16,30.12,10,7,2,6,2,9,0.00,3,,129
2012-12-5,69,58,47,54,50,41,93,71,49,30.12,30.04,29.99,10,6,0,9,3,,0.00,1,Fog,126
2012-12-6,67,60,53,54,52,50,93,76,58,30.02,29.93,29.85,7,3,0,10,4,20,0.00,3,Fog,123
2012-12-7,72,61,49,52,48,39,86,65,44,29.95,29.91,29.88,10,8,5,9,2,12,0.00,0,,134
2012-12-8,67,56,45,52,47,37,96,74,52,30.00,29.94,29.88,10,4,0,9,2,13,0.00,2,Fog,127
2012-12-9,69,58,47,52,47,43,93,67,40,30.11,30.01,29.96,9,4,0,7,2,12,0.00,4,Fog,127
2012-12-10,74,60,46,42,38,31,74,47,20,30.12,30.07,30.02,10,10,8,9,2,12,0.00,0,,213
2012-12-11,72,59,45,52,42,33,93,59,25,30.04,29.98,29.91,10,8,4,12,3,15,0.00,1,,161
2012-12-12,58,56,53,52,48,45,93,78,62,29.96,29.88,29.81,10,8,2,15,8,21,0.21,8,Rain,143
2012-12-13,59,52,44,51,44,37,93,72,51,29.81,29.75,29.70,10,10,6,13,4,21,0.03,4,Rain,213
2012-12-14,55,47,39,41,36,30,85,63,41,30.00,29.87,29.73,10,10,10,13,4,20,0.09,5,Rain,155
2012-12-15,60,51,42,43,35,25,86,56,26,30.07,30.00,29.95,10,10,10,16,4,22,0.00,4,,297
2012-12-16,55,53,50,49,44,37,89,74,59,30.17,30.12,30.06,10,6,2,12,4,18,0.01,8,Rain,129
2012-12-17,61,57,52,51,48,46,89,75,60,30.16,30.08,29.97,10,8,5,8,2,10,T,8,Rain,210
2012-12-18,60,53,46,52,42,18,93,62,30,30.00,29.89,29.78,10,8,2,28,10,37,0.25,6,Rain,348
2012-12-19,59,50,41,22,17,10,45,30,15,30.26,30.16,30.00,10,10,10,26,7,35,0.00,0,,334
2012-12-20,64,50,35,24,18,10,56,35,13,30.22,30.14,30.06,10,10,10,13,3,15,0.00,0,,330
2012-12-21,65,51,37,37,25,17,62,40,17,30.11,30.06,30.01,10,10,10,9,2,12,0.00,0,,149
2012-12-22,60,49,38,47,37,27,83,56,29,30.18,30.11,30.04,10,8,3,10,2,14,T,4,Rain,165
2012-12-23,60,55,49,49,46,43,93,73,53,30.22,30.15,30.09,10,8,2,10,2,14,T,7,,164
2012-12-24,62,54,46,53,46,32,96,68,40,30.10,30.05,29.97,10,6,2,14,5,18,0.53,6,Rain,114
2012-12-25,60,52,44,41,36,28,82,57,31,30.09,30.03,29.97,10,10,10,6,2,10,0.00,1,,331
2012-12-26,60,54,47,48,42,34,93,67,40,29.97,29.93,29.88,10,8,1,14,7,23,0.23,4,Rain,252
2012-12-27,60,51,42,33,31,27,58,44,30,30.09,29.99,29.93,10,10,10,23,9,29,0.00,0,,305
2012-12-28,60,49,37,33,28,22,70,47,23,30.15,30.09,30.06,10,10,10,12,3,15,0.00,0,,258
2012-12-29,51,45,38,42,35,28,86,73,60,30.08,30.03,29.96,10,9,2,15,4,18,0.32,6,Rain-Thunderstorm,178
2012-12-30,54,45,35,36,33,29,89,64,38,30.06,29.97,29.91,10,10,10,22,5,26,T,2,Rain,328
2012-12-31,57,48,39,39,30,25,67,49,30,30.23,30.16,30.07,10,10,6,13,4,16,0.00,0,,65
2013-1-1,60,49,37,32,28,20,82,52,21,30.22,30.15,30.09,10,9,5,12,2,14,0.00,3,,188
2013-1-2,65,52,39,30,25,19,57,39,20,30.11,30.05,30.01,10,10,10,8,2,15,0.00,0,,137
2013-1-3,71,55,38,26,21,8,59,34,9,30.16,30.09,30.04,10,10,10,12,2,16,0.00,0,,349
2013-1-4,66,52,37,24,18,7,52,31,10,30.26,30.19,30.15,10,10,10,8,2,12,0.00,0,,272
2013-1-5,65,51,36,38,24,15,59,37,15,30.27,30.21,30.16,10,10,10,8,1,9,0.00,0,,222
2013-1-6,56,51,45,44,41,36,93,70,47,30.19,30.10,30.01,10,8,2,15,3,20,0.06,6,Rain,230
2013-1-7,72,59,46,36,27,11,61,36,10,30.07,30.00,29.93,10,10,10,24,9,30,0.00,0,,330
2013-1-8,73,58,42,39,32,25,59,39,19,30.09,30.05,29.99,10,10,10,10,4,15,0.00,0,,351
2013-1-9,68,57,45,48,40,35,89,61,32,30.10,30.04,29.98,10,9,4,10,4,17,0.00,2,,168
2013-1-10,55,49,42,47,33,17,83,54,24,30.07,29.95,29.89,10,9,4,25,12,32,T,5,Rain,323
2013-1-11,53,46,38,24,20,13,54,38,21,30.18,30.10,30.04,10,10,10,21,11,29,0.00,0,,328
2013-1-12,54,46,37,23,18,10,48,33,18,30.14,30.08,30.05,10,10,9,12,5,15,0.00,0,,288
2013-1-13,54,43,32,25,17,7,59,39,18,30.16,30.08,30.03,10,10,10,14,3,16,0.00,0,,281
2013-1-14,56,47,37,14,1,-10,34,21,7,30.32,30.23,30.13,10,10,10,23,7,29,0.00,0,,348
2013-1-15,58,46,33,30,16,8,50,33,15,30.43,30.35,30.30,10,10,10,10,2,17,0.00,0,,212
2013-1-16,68,53,37,30,25,22,59,40,20,30.33,30.23,30.11,10,10,10,12,2,14,0.00,0,,167
2013-1-17,78,60,41,26,21,17,49,30,10,30.16,30.10,30.04,10,10,10,7,2,13,0.00,0,,115
2013-1-18,76,59,42,24,19,12,43,26,9,30.14,30.09,30.04,10,10,10,9,2,13,0.00,0,,232
2013-1-19,77,60,42,21,16,8,39,23,7,30.18,30.11,30.06,10,10,10,8,1,15,0.00,0,,265
2013-1-20,79,61,42,22,15,8,36,22,7,30.14,30.07,29.99,10,10,10,9,1,10,0.00,0,,346
2013-1-21,81,62,43,18,11,0,33,19,4,30.09,30.03,29.99,10,10,10,9,2,10,0.00,0,,332
2013-1-22,79,62,45,21,12,3,29,17,5,30.10,30.04,29.99,10,10,10,8,2,12,0.00,0,,324
2013-1-23,78,65,52,47,30,18,57,37,16,30.12,30.04,30.00,10,10,8,14,5,18,0.02,3,Rain,153
2013-1-24,64,58,52,54,52,47,93,80,67,30.20,30.13,30.08,10,7,2,16,5,21,0.67,8,Rain,126
2013-1-25,62,60,57,55,53,51,86,81,75,30.13,30.03,29.94,10,9,3,8,3,13,0.02,8,Rain,291
2013-1-26,66,59,52,55,54,52,100,82,63,29.97,29.91,29.86,10,9,2,13,5,14,T,7,Rain,162
2013-1-27,59,53,47,54,45,29,100,75,50,30.00,29.96,29.92,10,7,2,16,7,18,0.03,6,Rain,159
2013-1-28,58,52,46,27,25,21,46,35,24,30.16,30.08,30.00,10,10,10,22,10,28,0.00,0,,320
2013-1-29,59,51,42,38,32,27,71,54,36,30.20,30.17,30.12,10,10,10,15,5,17,0.00,0,,158
2013-1-30,71,56,40,39,37,33,79,53,27,30.31,30.24,30.19,10,10,10,12,2,21,0.00,0,,216
2013-1-31,78,61,43,41,37,34,76,48,19,30.22,30.14,30.06,10,10,10,10,2,16,0.00,0,,245
2013-2-1,74,60,46,42,38,33,66,45,23,30.15,30.11,30.08,10,10,10,10,2,16,0.00,0,,170
2013-2-2,76,66,55,46,39,31,59,39,19,30.17,30.13,30.08,10,10,10,17,3,22,T,3,Rain,339
2013-2-3,79,66,53,46,41,33,67,43,19,30.11,30.04,29.96,10,10,10,20,4,24,0.00,0,,325
2013-2-4,73,60,47,49,43,35,83,59,35,30.07,30.02,29.95,10,8,1,10,2,,0.00,1,,146
2013-2-5,60,55,49,49,48,45,89,78,67,30.07,30.01,29.96,6,3,2,12,3,13,0.00,7,,167
2013-2-6,63,55,47,47,45,42,93,73,52,30.09,30.03,29.98,9,6,2,12,2,,0.00,2,,157
2013-2-7,61,52,42,46,42,36,86,72,57,30.11,30.04,29.95,10,6,4,14,4,16,0.00,3,,181
2013-2-8,52,46,40,43,37,33,82,66,50,29.97,29.91,29.84,10,10,7,16,5,23,0.09,5,Rain-Hail,234
2013-2-9,56,46,36,35,32,29,89,62,35,30.08,29.99,29.92,10,10,10,12,4,15,0.00,1,,143
2013-2-10,55,47,38,38,36,33,85,68,50,30.08,30.04,29.99,10,10,10,12,2,18,0.00,4,,190
2013-2-11,70,56,41,36,25,5,70,40,9,30.21,30.11,30.04,10,10,10,5,4,7,0.00,0,,107
2013-2-12,84,62,38,35,26,17,59,35,10,30.32,30.25,30.20,10,10,10,12,2,24,0.00,0,,167
2013-2-13,73,42,11,36,29,23,64,40,16,30.25,30.17,30.11,10,10,10,12,3,14,0.00,0,,186
2013-2-14,77,60,43,37,32,29,58,38,18,30.17,30.11,30.03,10,10,10,10,2,15,0.00,0,,142
2013-2-15,81,65,48,33,26,17,56,33,9,30.17,30.13,30.10,10,10,10,12,3,16,0.00,0,,191
2013-2-16,82,65,48,25,17,10,34,20,6,30.14,30.05,29.95,10,10,10,13,4,17,0.00,0,,255
2013-2-17,71,59,46,49,36,22,77,49,20,30.02,29.94,29.88,10,10,9,12,5,17,0.00,2,,154
2013-2-18,65,59,53,45,43,41,77,60,43,30.06,29.99,29.91,10,9,5,13,5,16,0.00,5,,159
2013-2-19,55,51,46,43,39,37,76,65,54,29.95,29.81,29.68,10,10,5,20,8,25,0.07,8,Rain,173
2013-2-20,63,52,41,38,27,19,71,46,20,29.97,29.79,29.68,10,10,10,20,11,32,T,1,,317
2013-2-21,64,53,41,37,31,25,67,46,25,30.06,29.99,29.94,10,10,10,17,4,20,0.00,1,,320
2013-2-22,68,55,41,33,28,21,57,38,18,30.17,30.12,30.08,10,10,10,13,3,16,0.00,0,,171
2013-2-23,67,55,42,44,33,27,62,46,29,30.13,30.01,29.89,10,10,10,20,5,26,0.00,0,,233
2013-2-24,71,60,48,26,15,-2,35,22,8,30.17,30.06,29.97,10,10,10,22,6,29,0.00,0,,114
2013-2-25,71,57,42,36,22,10,54,33,11,30.19,30.12,30.05,10,10,10,15,3,20,0.00,0,,173
2013-2-26,76,59,42,32,27,19,62,37,12,30.10,30.01,29.95,10,10,10,14,2,17,0.00,0,,160
2013-2-27,79,63,47,26,16,3,39,22,5,30.25,30.17,30.10,10,10,9,23,5,30,0.00,0,,5
2013-2-28,80,64,47,22,17,8,31,19,7,30.29,30.25,30.22,10,10,10,13,3,15,0.00,0,,238
2013-3-1,87,69,51,27,22,16,32,20,8,30.27,30.20,30.12,10,10,10,10,2,16,0.00,0,,275
2013-3-2,85,70,54,33,27,18,38,23,8,30.19,30.12,30.05,10,10,10,12,3,16,0.00,0,,189
2013-3-3,73,65,56,50,41,31,77,52,26,30.07,30.00,29.94,10,10,4,14,6,23,0.00,4,,148
2013-3-4,71,63,54,49,47,45,77,61,44,30.08,30.03,29.98,10,8,4,13,4,15,0.00,3,,159
2013-3-5,67,59,51,48,47,44,83,68,52,30.10,30.05,29.99,10,7,4,15,5,20,0.00,6,,171
2013-3-6,63,57,51,48,43,39,72,58,43,30.12,30.05,29.98,10,10,3,13,5,18,T,8,Rain,173
2013-3-7,61,57,53,49,45,37,83,64,44,29.99,29.95,29.81,10,9,4,15,6,18,0.01,7,Rain,162
2013-3-8,57,51,45,46,41,37,80,66,51,29.99,29.86,29.77,10,9,3,18,5,22,0.34,7,Rain,153
2013-3-9,66,57,47,44,39,33,82,58,34,30.19,30.08,30.01,10,10,10,13,5,18,0.00,2,,284
2013-3-10,73,59,45,42,37,30,76,49,22,30.23,30.17,30.12,10,10,10,14,4,21,0.00,0,,103
2013-3-11,80,64,47,46,34,23,60,37,14,30.16,30.09,30.02,10,10,10,13,3,15,0.00,0,,179
2013-3-12,87,69,50,41,35,28,56,35,13,30.09,30.03,29.97,10,10,2,12,3,16,0.00,0,,215
2013-3-13,93,74,54,48,36,24,46,28,9,30.08,30.03,29.98,10,10,10,12,2,17,0.00,0,,154
2013-3-14,93,75,57,51,43,30,67,39,11,30.06,30.01,29.96,10,10,10,14,3,17,0.00,0,,141
2013-3-15,83,70,57,52,49,43,72,53,33,30.00,29.95,29.90,10,8,4,14,5,20,0.00,0,,125
2013-3-16,73,64,54,51,49,48,83,64,44,29.96,29.91,29.85,7,4,1,14,7,20,0.00,3,,124
2013-3-17,72,63,53,49,48,48,83,65,47,29.96,29.93,29.89,10,6,2,13,8,21,0.00,2,,139
2013-3-18,68,62,55,49,48,46,77,63,48,30.07,30.00,29.95,10,6,3,12,4,17,0.00,4,,149
2013-3-19,71,62,52,51,48,45,77,63,49,30.11,30.05,30.01,10,6,3,13,4,17,0.00,1,,144
2013-3-20,76,66,56,51,49,47,77,58,38,30.06,30.00,29.93,10,8,5,10,3,18,0.00,0,,154
2013-3-21,75,65,55,50,47,32,77,54,30,29.91,29.84,29.77,10,10,10,23,8,30,0.00,0,,141
2013-3-22,76,65,53,49,39,7,77,43,8,29.88,29.81,29.78,10,9,6,25,8,35,0.00,0,,133
2013-3-23,76,63,50,51,46,41,83,56,29,29.98,29.93,29.88,10,9,5,12,5,15,0.00,0,,134
2013-3-24,79,65,51,51,46,38,83,54,25,29.99,29.93,29.85,10,8,5,12,4,16,0.00,1,,129
2013-3-25,80,67,53,51,45,38,72,48,24,29.94,29.90,29.86,10,10,7,12,4,16,0.00,0,,155
2013-3-26,74,64,53,50,48,42,83,61,38,29.96,29.91,29.87,10,7,2,13,5,20,0.00,2,,142
2013-3-27,72,64,56,50,48,46,77,61,44,30.01,29.95,29.90,10,9,5,13,5,17,0.00,4,,160
2013-3-28,77,67,56,52,50,48,77,58,39,30.07,30.01,29.98,10,8,4,13,4,16,0.00,3,,149
2013-3-29,81,69,56,52,51,46,86,60,33,30.10,30.05,29.99,10,8,2,14,5,28,0.00,1,,145
2013-3-30,77,67,56,52,48,39,86,60,33,30.10,30.06,30.01,10,8,2,14,6,17,0.00,1,,152
2013-3-31,67,62,57,53,50,46,78,68,58,30.12,30.07,30.03,10,10,7,15,7,17,T,7,,162
2013-4-1,69,62,54,50,47,43,77,61,44,30.15,30.08,30.04,10,10,10,17,5,22,0.00,4,,233
2013-4-2,75,64,53,51,48,46,77,59,41,30.09,30.03,29.95,10,9,6,13,4,17,0.00,2,,148
2013-4-3,83,69,54,53,49,35,83,51,18,30.08,30.02,29.94,10,7,2,12,5,,0.00,2,,139
2013-4-4,78,68,58,52,51,49,80,60,39,30.08,30.02,29.96,10,7,2,17,4,21,0.00,3,,233
2013-4-5,73,66,59,54,52,51,78,64,49,30.07,30.02,29.96,10,10,8,14,6,21,0.00,3,,151
2013-4-6,76,67,57,52,51,50,80,62,44,30.05,29.99,29.93,10,9,5,15,6,20,0.00,2,,139
2013-4-7,80,68,56,53,51,49,83,62,40,29.94,29.86,29.78,10,9,4,16,7,18,0.00,1,,132
2013-4-8,70,64,57,52,40,23,75,48,21,29.81,29.71,29.64,10,10,5,30,12,44,T,4,Rain,331
2013-4-9,81,67,53,33,23,9,43,25,6,29.97,29.87,29.80,10,10,10,25,10,33,0.00,0,,327
2013-4-10,85,71,56,36,27,14,40,24,7,30.06,29.99,29.93,10,10,10,17,6,24,0.00,0,,119
2013-4-11,78,67,55,50,40,27,72,45,17,29.96,29.85,29.75,10,10,10,16,6,21,0.00,0,,161
2013-4-12,76,67,57,51,50,48,77,59,41,29.86,29.80,29.74,10,9,4,14,6,20,0.00,3,,158
2013-4-13,68,63,57,52,51,50,80,68,55,29.91,29.86,29.80,10,6,3,13,6,17,T,7,,176
2013-4-14,67,61,55,52,48,46,77,65,52,29.87,29.83,29.78,10,8,4,13,6,17,0.00,8,Rain,150
2013-4-15,68,61,54,50,48,42,83,66,48,29.86,29.83,29.79,10,8,5,16,8,21,T,8,Rain,146
2013-4-16,71,62,52,43,29,15,71,42,12,29.97,29.88,29.84,10,10,9,28,12,35,0.00,2,Rain,329
2013-4-17,76,66,55,26,17,7,30,19,7,30.10,30.03,29.98,10,10,10,22,10,32,0.00,0,,340
2013-4-18,80,68,56,20,14,7,23,15,6,30.16,30.12,30.09,10,10,10,21,7,24,0.00,0,,290
2013-4-19,86,69,52,27,18,9,32,19,6,30.14,30.05,29.95,10,10,10,13,4,18,0.00,0,,250
2013-4-20,91,75,59,47,37,26,52,31,10,29.94,29.90,29.84,10,10,10,15,6,20,0.00,0,,125
2013-4-21,87,73,58,53,43,32,78,46,14,29.97,29.94,29.89,10,10,5,13,5,17,0.00,0,,153
2013-4-22,78,69,59,53,50,40,78,52,26,29.97,29.92,29.85,10,8,2,13,6,20,0.00,4,,173
2013-4-23,79,69,59,51,49,47,75,55,35,29.96,29.89,29.81,10,10,9,12,6,17,0.00,4,,172
2013-4-24,64,62,59,52,50,48,75,70,64,29.97,29.92,29.87,10,8,5,12,5,15,0.00,8,,172
2013-4-25,73,66,59,50,46,42,72,54,35,30.09,30.01,29.93,10,10,10,13,4,18,0.00,3,,164
2013-4-26,79,67,54,49,46,43,66,50,33,30.12,30.09,30.06,10,10,10,12,4,16,0.00,0,,163
2013-4-27,83,70,57,54,50,42,72,53,34,30.12,30.04,29.95,10,10,10,13,5,17,0.00,0,,135
2013-4-28,84,71,57,55,53,51,80,59,37,29.99,29.92,29.82,10,7,2,15,6,22,0.00,2,,132
2013-4-29,79,69,59,54,53,52,80,61,42,29.90,29.83,29.75,10,6,2,14,6,17,0.00,3,,153
2013-4-30,71,65,59,52,51,50,72,61,49,29.87,29.82,29.78,10,9,7,14,7,20,0.00,6,,175
2013-5-1,81,71,60,53,52,51,72,54,36,30.07,29.95,29.87,10,10,10,12,5,20,0.00,4,,164
2013-5-2,94,75,56,53,31,-3,78,41,3,30.09,30.03,29.97,10,10,10,13,4,18,0.00,0,,161
2013-5-3,96,79,61,37,12,0,27,15,3,29.99,29.85,29.76,10,10,10,15,5,20,0.00,0,,236
2013-5-4,78,69,60,54,48,38,72,51,29,29.81,29.75,29.71,10,9,5,17,9,23,0.00,2,,148
2013-5-5,69,64,58,50,48,45,72,57,42,29.92,29.86,29.79,10,9,6,25,13,32,T,8,,146
2013-5-6,68,63,57,54,52,44,86,66,45,30.01,29.93,29.86,10,6,2,15,8,18,0.00,8,Rain,150
2013-5-7,71,64,57,53,49,45,86,64,42,30.04,29.99,29.96,10,10,6,14,4,18,0.00,7,Rain,173
2013-5-8,72,66,60,53,47,41,78,58,38,30.07,30.05,30.03,10,10,10,14,4,23,0.00,4,,200
2013-5-9,75,67,58,54,51,47,72,58,44,30.07,30.03,29.99,10,10,10,13,5,20,T,0,,145
2013-5-10,82,71,59,58,55,52,78,61,43,30.08,30.02,29.96,10,9,4,13,6,21,0.00,0,,136
2013-5-11,96,79,62,60,54,44,78,49,19,30.04,30.00,29.93,10,10,9,12,4,15,0.00,0,,143
2013-5-12,103,85,67,59,50,40,70,41,12,30.02,29.96,29.87,10,10,8,20,5,23,0.00,0,,268
2013-5-13,103,87,71,59,45,30,54,32,9,29.93,29.89,29.84,10,10,10,17,5,21,0.00,0,,288
2013-5-14,83,73,63,55,51,43,68,47,26,29.96,29.90,29.85,10,10,10,16,9,26,0.00,0,,135
2013-5-15,78,69,60,54,53,51,78,61,43,30.01,29.96,29.91,10,10,6,14,6,17,0.00,1,,157
2013-5-16,74,68,61,54,53,53,78,64,49,29.95,29.91,29.86,10,10,9,14,6,17,0.00,4,,167
2013-5-17,75,69,62,54,53,51,72,61,49,29.96,29.92,29.88,10,10,10,15,6,18,0.00,4,,172
2013-5-18,77,69,61,54,53,51,78,61,43,30.01,29.97,29.93,10,10,10,13,5,18,0.00,2,,149
2013-5-19,79,70,60,57,54,51,78,59,40,29.96,29.90,29.84,10,10,10,15,7,20,0.00,0,,140
2013-5-20,91,76,60,59,55,50,73,51,28,29.92,29.88,29.84,10,10,10,13,6,17,0.00,0,,141
2013-5-21,84,74,63,61,58,55,84,62,40,29.93,29.86,29.79,10,8,4,14,6,17,0.00,3,,157
2013-5-22,77,70,63,58,54,45,78,62,46,29.83,29.78,29.74,10,9,7,15,7,18,0.00,5,,159
2013-5-23,74,68,61,53,50,45,78,61,44,29.90,29.85,29.79,10,10,10,14,6,20,0.00,5,,175
2013-5-24,74,66,58,53,50,48,72,58,44,29.97,29.92,29.88,10,10,10,14,5,20,0.00,2,,155
2013-5-25,75,67,59,53,51,48,75,59,43,30.02,29.96,29.94,10,10,9,14,6,20,0.00,3,,152
2013-5-26,75,66,57,54,52,50,75,61,47,30.02,29.98,29.96,10,10,9,15,7,21,0.00,1,,155
2013-5-27,78,69,59,56,54,51,78,61,43,29.97,29.90,29.83,10,10,10,15,6,24,0.00,1,,165
2013-5-28,88,75,62,59,51,37,78,49,19,29.86,29.78,29.68,10,10,10,29,9,36,0.00,1,,135
2013-5-29,89,76,63,59,55,42,84,53,21,29.77,29.73,29.66,10,10,10,15,10,25,0.00,0,,123
2013-5-30,83,73,63,60,58,57,78,61,43,29.84,29.79,29.73,10,10,9,13,7,17,0.00,1,,161
2013-5-31,84,75,65,60,58,57,84,64,43,29.91,29.84,29.77,10,10,7,13,6,23,0.00,3,,163
2013-6-1,93,79,64,61,59,57,81,58,34,29.83,29.77,29.70,10,9,5,16,6,22,0.00,1,,141
2013-6-2,80,73,65,61,59,56,81,65,48,29.82,29.76,29.73,10,7,3,15,6,22,0.00,4,,179
2013-6-3,79,72,64,57,55,54,73,60,47,29.88,29.82,29.77,10,10,6,14,7,17,0.00,5,,180
2013-6-4,77,70,63,56,55,55,78,63,47,29.97,29.90,29.85,10,10,10,13,6,16,0.00,4,,177
2013-6-5,78,70,62,57,55,53,78,63,47,29.98,29.92,29.87,10,10,7,13,6,23,0.00,3,,169
2013-6-6,78,70,61,58,56,55,84,66,48,29.95,29.89,29.83,10,8,3,13,6,23,0.00,4,,171
2013-6-7,80,71,61,59,57,55,84,66,48,29.88,29.82,29.75,10,8,3,13,5,17,0.00,4,,177
2013-6-8,79,71,63,58,57,57,84,66,48,29.90,29.82,29.76,10,7,3,15,6,18,0.00,4,,176
2013-6-9,80,72,63,57,57,55,78,62,45,29.90,29.86,29.83,10,8,3,16,6,20,0.00,4,,182
2013-6-10,79,71,63,57,54,51,78,59,39,29.93,29.89,29.86,10,10,5,14,6,17,0.00,3,,173
2013-6-11,90,76,62,59,56,51,78,55,32,29.90,29.88,29.85,10,10,10,13,5,16,0.00,0,,163
2013-6-12,80,72,63,59,58,57,84,67,49,29.99,29.94,29.90,10,8,5,14,7,18,0.00,4,,171
2013-6-13,81,72,63,57,56,55,84,65,45,30.01,29.93,29.86,10,8,5,14,6,17,0.00,3,,168
2013-6-14,81,72,62,57,56,54,84,63,42,29.92,29.86,29.80,10,9,4,15,7,17,0.00,2,,167
2013-6-15,79,71,63,57,55,53,78,60,42,29.96,29.90,29.86,10,8,5,14,6,22,0.00,3,,176
2013-6-16,83,73,62,57,55,54,78,58,37,30.04,29.95,29.90,10,9,6,14,5,16,0.00,3,,167
2013-6-17,86,74,62,58,56,54,78,56,34,29.95,29.90,29.85,10,9,6,15,6,24,0.00,0,,144
2013-6-18,85,74,63,58,55,52,78,56,34,29.88,29.84,29.80,10,10,10,15,7,21,0.00,0,,145
2013-6-19,81,72,62,55,53,50,72,54,36,29.84,29.79,29.75,10,10,10,14,7,22,0.00,0,,138
2013-6-20,84,73,62,57,52,48,73,52,31,29.82,29.79,29.77,10,10,10,14,7,20,0.00,0,,145
2013-6-21,84,74,63,59,52,47,70,49,28,29.87,29.83,29.80,10,10,10,13,6,18,0.00,0,,151
2013-6-22,83,73,63,58,56,51,78,57,36,29.88,29.83,29.78,10,10,6,13,7,16,0.00,0,,147
2013-6-23,78,71,64,59,56,54,84,65,46,29.88,29.81,29.76,10,9,5,14,6,18,0.00,3,,177
2013-6-24,76,70,64,58,56,54,78,64,50,29.91,29.87,29.80,10,9,5,13,6,17,0.00,6,,188
2013-6-25,80,73,65,60,59,58,84,66,48,29.97,29.92,29.87,10,9,1,14,6,17,0.00,3,,155
2013-6-26,92,79,66,61,60,59,81,59,36,29.95,29.91,29.87,10,10,10,15,6,18,0.00,0,,148
2013-6-27,98,84,70,62,60,56,73,49,25,29.99,29.96,29.93,10,10,10,13,5,20,0.00,0,,145
2013-6-28,97,84,71,62,60,57,73,50,27,29.95,29.89,29.83,10,10,10,14,6,26,0.00,0,,139
2013-6-29,101,88,74,61,59,57,60,42,24,29.85,29.77,29.70,10,10,10,15,5,21,0.00,0,,131
2013-6-30,100,87,74,64,60,53,60,45,29,29.78,29.72,29.68,10,10,10,17,5,22,0.00,0,,157
2013-7-1,100,87,73,63,60,56,68,46,24,29.85,29.82,29.78,10,10,10,14,6,20,0.00,0,,157
2013-7-2,92,83,73,64,62,57,73,53,32,29.95,29.89,29.85,10,10,10,16,5,23,0.00,0,,157
2013-7-3,91,80,68,63,60,54,81,58,34,29.89,29.83,29.76,10,10,10,15,6,23,0.00,0,,142
2013-7-4,91,79,67,61,59,51,81,54,27,29.82,29.77,29.71,10,9,5,15,7,20,0.00,0,,154
2013-7-5,85,76,66,61,60,57,81,61,40,29.84,29.78,29.72,10,7,2,14,6,21,0.00,3,,168
2013-7-6,88,78,67,62,61,60,81,61,40,29.84,29.77,29.71,10,9,6,12,6,,0.00,3,,172
2013-7-7,89,78,67,62,61,60,81,60,38,29.84,29.78,29.73,10,8,3,9,6,,0.00,2,,141
2013-7-8,97,82,67,60,60,58,76,71,66,29.85,29.84,29.83,10,10,10,5,1,,0.00,0,,20
2013-7-9,95,83,71,61,59,57,64,47,30,29.99,29.92,29.87,10,10,10,15,7,23,0.00,0,,148
2013-7-10,85,78,71,64,60,54,68,51,34,29.95,29.91,29.88,10,10,10,14,6,17,T,1,,147
2013-7-11,79,75,71,66,64,62,84,71,58,29.94,29.90,29.87,10,10,9,9,3,14,T,1,Rain,155
2013-7-12,89,78,67,64,62,55,81,61,40,29.93,29.88,29.81,10,9,5,13,5,17,0.00,2,,147
2013-7-13,91,78,64,60,59,56,84,58,32,29.95,29.89,29.81,10,9,3,15,5,18,0.00,0,,136
2013-7-14,91,79,67,60,57,54,78,55,31,29.91,29.85,29.78,10,10,8,14,5,18,0.00,0,,137
2013-7-15,91,80,68,60,56,47,73,50,27,29.84,29.81,29.75,10,10,10,13,6,,0.00,0,,144
2013-7-16,90,77,63,54,48,38,67,42,16,29.95,29.88,29.83,10,10,10,13,5,17,0.00,0,,152
2013-7-17,93,78,63,54,45,37,63,39,15,29.99,29.95,29.91,10,10,10,13,5,,0.00,0,,154
2013-7-18,91,79,66,58,54,51,63,46,29,29.95,29.89,29.82,10,10,10,12,5,,0.00,0,,141
2013-7-19,89,78,66,60,57,53,73,55,36,29.87,29.84,29.78,10,10,10,14,5,21,0.00,0,,145
2013-7-20,89,78,66,62,60,59,81,63,44,29.88,29.82,29.74,10,9,5,18,5,22,T,2,,163
2013-7-21,79,74,68,62,62,61,76,66,56,29.89,29.84,29.78,10,10,6,14,5,22,0.00,0,,146
2013-7-22,89,79,68,63,61,59,81,60,39,29.95,29.91,29.88,10,9,6,13,7,22,T,1,Rain,151
2013-7-23,88,78,68,60,59,54,76,55,34,29.99,29.94,29.89,10,10,10,13,7,16,0.00,0,,151
2013-7-24,87,76,65,60,59,56,81,60,39,29.94,29.91,29.85,10,10,10,13,7,22,0.00,0,,149
2013-7-25,87,76,65,60,58,57,78,59,40,29.98,29.93,29.89,10,10,10,14,6,,T,0,,147
2013-7-26,88,77,66,62,60,57,73,57,40,30.06,29.99,29.93,10,10,10,14,5,18,0.01,1,Rain,139
2013-7-27,88,77,66,60,59,58,78,59,40,29.98,29.92,29.84,10,10,10,14,7,17,0.00,0,,141
2013-7-28,81,72,63,59,58,57,84,65,45,29.92,29.87,29.83,10,8,3,14,6,21,0.00,3,,166
2013-7-29,83,74,64,58,56,55,78,59,40,30.00,29.94,29.89,10,8,5,14,6,22,0.00,3,,159
2013-7-30,82,72,62,57,56,54,84,62,39,30.10,30.04,29.99,10,10,7,13,6,20,0.00,1,,166
2013-7-31,79,70,61,57,55,53,84,65,45,30.11,30.04,29.96,10,9,5,13,6,21,0.00,3,,185
2013-8-1,81,72,62,56,56,55,78,60,42,30.03,29.94,29.87,10,8,5,14,6,22,0.00,3,,162
2013-8-2,84,74,63,59,57,56,84,62,40,29.96,29.91,29.86,10,9,6,14,6,16,0.00,2,,158
2013-8-3,86,75,64,58,57,55,78,58,37,30.00,29.93,29.88,10,8,5,15,6,17,0.00,2,,163
2013-8-4,85,74,62,58,57,54,84,61,37,30.01,29.95,29.88,10,7,2,12,6,23,0.00,2,,149
2013-8-5,90,75,60,58,54,42,90,57,23,30.01,29.94,29.88,10,7,0,14,5,17,0.00,1,Fog,149
2013-8-6,84,73,62,57,54,47,78,53,28,30.01,29.96,29.93,10,9,5,13,6,20,0.00,2,,153
2013-8-7,83,72,61,57,55,52,84,61,37,30.07,29.99,29.94,10,9,5,14,6,17,0.00,2,,153
2013-8-8,83,73,63,57,55,52,78,57,36,29.96,29.92,29.87,10,10,10,14,6,20,0.00,0,,136
2013-8-9,82,72,62,57,55,53,84,62,39,29.93,29.90,29.88,10,10,8,13,7,17,0.00,1,,147
2013-8-10,81,72,62,58,56,54,84,63,42,30.03,29.96,29.91,10,8,5,13,6,20,0.00,2,,156
2013-8-11,86,74,61,58,56,50,84,58,31,29.99,29.92,29.86,10,10,8,14,5,16,0.00,1,,153
2013-8-12,86,75,63,58,57,56,84,61,37,29.95,29.90,29.85,10,9,3,13,6,18,0.00,2,,136
2013-8-13,90,77,63,59,58,56,84,58,32,29.95,29.89,29.82,10,8,3,13,5,22,0.00,2,,140
2013-8-14,96,80,63,60,59,56,84,57,30,29.93,29.87,29.78,10,6,2,14,4,23,0.00,2,,127
2013-8-15,94,80,66,60,57,47,81,51,21,29.91,29.87,29.84,10,8,4,14,5,20,0.00,0,,151
2013-8-16,93,81,69,61,56,48,73,48,23,29.92,29.89,29.86,10,9,6,13,5,20,0.00,0,,152
2013-8-17,94,82,69,59,53,45,66,43,19,29.92,29.85,29.77,10,10,10,13,5,16,0.00,0,,140
2013-8-18,92,80,67,60,57,53,68,49,30,29.87,29.82,29.78,10,10,7,14,5,21,0.00,0,,138
2013-8-19,88,77,66,61,60,56,81,60,39,29.91,29.86,29.81,10,8,5,12,6,23,0.00,0,,144
2013-8-20,92,78,64,60,57,50,84,56,27,29.90,29.85,29.80,10,9,4,13,6,17,0.00,0,,150
2013-8-21,94,80,66,58,54,47,73,47,20,29.88,29.85,29.80,10,10,10,9,4,,0.00,0,,135
2013-8-22,97,83,68,54,44,37,49,32,14,29.89,29.81,29.76,10,10,10,12,5,18,0.00,0,,144
2013-8-23,97,82,67,57,48,37,61,37,13,29.83,29.78,29.70,10,10,10,15,5,17,0.00,0,,144
2013-8-24,93,79,64,57,51,40,61,40,19,29.84,29.79,29.72,10,10,10,14,5,16,0.00,0,,151
2013-8-25,94,80,65,58,49,41,68,44,20,29.88,29.85,29.80,10,10,10,13,5,17,0.00,0,,152
2013-8-26,94,83,71,60,49,43,41,35,28,29.89,29.87,29.83,10,10,10,10,4,17,0.00,0,,210
2013-8-27,95,85,75,57,56,55,44,36,29,29.81,29.76,29.73,10,10,10,12,5,17,0.00,2,,143
2013-8-28,97,86,74,57,54,50,45,35,24,29.86,29.81,29.76,10,10,10,14,4,17,0.00,0,,147
2013-8-29,103,89,75,56,52,43,50,33,15,29.90,29.86,29.83,10,10,10,14,5,22,0.00,0,,141
2013-8-30,97,89,80,66,60,48,51,41,30,29.94,29.90,29.87,10,10,10,16,5,24,0.00,0,,168
2013-8-31,94,88,81,67,65,61,58,50,41,29.93,29.90,29.84,10,10,10,14,6,21,0.00,0,,150
2013-9-1,93,84,75,67,65,64,69,54,39,29.90,29.86,29.81,10,10,10,15,6,20,0.00,0,,145
2013-9-2,95,84,73,65,65,62,73,55,36,29.89,29.83,29.77,10,10,10,14,4,18,0.00,0,,138
2013-9-3,100,88,76,65,60,53,64,43,22,29.87,29.82,29.78,10,10,10,12,4,17,0.00,0,,162
2013-9-4,103,90,77,62,56,50,54,37,20,29.88,29.84,29.79,10,10,10,14,3,,0.00,0,,164
2013-9-5,103,91,78,59,54,47,52,34,15,29.85,29.82,29.77,10,10,10,13,4,16,0.00,0,,137
2013-9-6,104,91,77,58,52,46,48,32,15,29.84,29.80,29.74,10,10,9,13,4,22,0.00,0,,138
2013-9-7,102,89,76,59,51,42,52,33,14,29.83,29.80,29.75,10,10,10,14,5,18,0.00,0,,141
2013-9-8,93,82,70,58,53,46,61,43,24,29.82,29.77,29.71,10,10,10,13,5,16,0.00,0,,139
2013-9-9,87,78,68,58,56,51,66,49,32,29.78,29.75,29.70,10,10,10,15,6,25,0.00,0,,143
2013-9-10,82,72,62,58,57,55,84,62,40,29.91,29.85,29.78,10,8,4,12,6,16,0.00,2,,152
2013-9-11,82,73,64,58,57,56,78,59,40,29.97,29.92,29.88,10,10,7,12,4,16,0.00,0,,150
2013-9-12,93,78,63,58,54,41,73,46,18,29.91,29.85,29.78,10,10,10,12,3,17,0.00,0,,157
2013-9-13,92,79,66,57,51,43,66,44,21,29.79,29.72,29.63,10,10,10,12,4,23,0.00,0,,140
2013-9-14,95,82,69,57,53,49,61,43,24,29.69,29.65,29.60,10,10,10,10,4,14,0.00,0,,145
2013-9-15,99,84,69,58,55,50,61,41,20,29.74,29.70,29.65,10,10,10,12,3,18,0.00,0,,129
2013-9-16,101,85,69,58,50,37,61,37,12,29.79,29.74,29.69,10,10,10,15,4,21,0.00,0,,132
2013-9-17,86,75,64,59,57,50,73,54,34,29.78,29.74,29.69,10,10,6,14,6,,0.00,0,,125
2013-9-18,81,72,63,59,57,55,90,66,42,29.82,29.75,29.71,10,7,3,12,5,15,0.00,3,,154
2013-9-19,84,74,63,59,58,54,78,62,46,29.84,29.77,29.71,10,8,6,13,5,18,0.00,1,,158
2013-9-20,74,70,65,59,59,57,78,70,61,29.87,29.83,29.78,10,6,4,12,5,15,0.00,7,,176
2013-9-21,79,72,64,58,56,52,78,59,39,29.89,29.83,29.76,10,10,5,13,4,16,0.00,4,,175
2013-9-22,79,69,59,56,49,36,78,50,21,29.81,29.78,29.75,10,10,10,16,6,21,0.00,0,,150
2013-9-23,96,78,59,51,39,31,63,37,10,29.86,29.82,29.78,10,10,10,13,4,16,0.00,0,,198
2013-9-24,91,77,63,56,43,35,57,37,16,29.90,29.85,29.80,10,10,10,13,4,17,0.00,0,,128
2013-9-25,79,70,61,57,53,46,73,59,45,29.83,29.74,29.66,10,10,10,15,8,21,0.00,1,,152
2013-9-26,86,75,63,50,36,18,65,37,9,29.86,29.75,29.70,10,10,10,25,8,35,T,2,,318
2013-9-27,85,71,57,36,30,23,37,24,11,29.96,29.91,29.85,10,10,10,15,4,18,0.00,0,,69
2013-9-28,91,74,57,36,25,18,34,21,7,30.01,29.97,29.93,10,10,10,15,3,17,0.00,0,,273
2013-9-29,90,74,58,44,32,17,37,22,7,30.04,29.98,29.94,10,10,10,13,3,16,0.00,0,,125
2013-9-30,86,73,59,54,44,35,59,41,22,29.95,29.89,29.82,10,10,10,15,5,18,0.00,0,,132
2013-10-1,84,72,60,58,51,43,73,51,28,29.90,29.87,29.83,10,10,10,13,5,18,0.00,0,,168
2013-10-2,79,71,63,59,56,53,78,60,42,29.96,29.90,29.84,10,10,8,15,4,18,0.00,4,,154
2013-10-3,75,69,63,57,55,50,78,61,44,29.93,29.87,29.78,10,10,8,14,4,18,0.00,3,,177
2013-10-4,91,77,62,56,32,-1,78,41,4,30.01,29.92,29.86,10,9,5,25,6,31,0.00,2,,59
2013-10-5,92,80,67,20,15,10,15,10,5,30.13,30.04,30.00,10,10,10,22,4,26,0.00,0,,184
2013-10-6,94,76,58,24,16,3,20,12,3,30.06,30.00,29.93,10,10,10,13,5,21,0.00,0,,238
2013-10-7,87,75,62,55,31,17,68,38,7,29.95,29.90,29.86,10,10,10,14,4,17,0.00,0,,144
2013-10-8,75,66,56,54,49,36,72,58,43,29.92,29.84,29.78,10,10,8,14,5,17,0.00,3,,174
2013-10-9,63,58,53,52,48,40,77,62,46,29.78,29.73,29.67,10,9,2,20,7,24,0.10,7,Rain,195
2013-10-10,69,59,49,48,44,39,86,61,35,29.99,29.92,29.78,10,10,10,13,3,18,0.00,1,,210
2013-10-11,77,65,52,47,45,43,77,55,33,30.02,29.96,29.91,10,10,10,10,3,14,0.00,0,,227
2013-10-12,79,66,53,56,48,41,84,56,28,29.95,29.91,29.85,10,10,6,13,4,16,0.00,1,,142
2013-10-13,71,65,58,54,50,47,78,60,41,29.99,29.94,29.91,10,9,6,13,4,17,0.00,4,,146
2013-10-14,86,70,53,50,38,25,77,44,11,30.00,29.94,29.87,10,10,10,12,3,15,0.00,0,,181
2013-10-15,87,72,56,38,29,23,39,25,10,29.95,29.90,29.84,10,10,10,13,3,18,0.00,0,,171
2013-10-16,87,73,59,32,25,18,35,22,8,30.05,29.99,29.95,10,10,10,13,4,22,0.00,0,,258
2013-10-17,86,71,55,38,28,22,39,25,11,30.01,29.95,29.89,10,10,10,14,3,16,0.00,0,,217
2013-10-18,91,73,54,52,37,28,47,29,11,29.99,29.94,29.89,10,10,10,12,2,15,0.00,0,,189
2013-10-19,90,73,56,48,34,22,41,25,9,30.00,29.95,29.92,10,10,10,10,3,14,0.00,0,,196
2013-10-20,81,68,54,55,44,34,78,55,31,29.95,29.91,29.86,10,9,5,12,4,16,0.00,0,,139
2013-10-21,81,68,54,55,49,43,78,53,28,29.96,29.92,29.86,10,8,6,9,3,16,0.00,0,,146
2013-10-22,83,69,54,56,49,42,84,59,33,29.96,29.92,29.85,10,9,6,12,3,17,0.00,0,,139
2013-10-23,73,65,57,55,53,51,93,71,49,29.97,29.92,29.86,10,4,2,12,4,22,0.00,5,,166
2013-10-24,74,66,58,54,52,50,78,63,47,30.02,29.97,29.92,10,7,4,12,2,15,0.00,4,,171
2013-10-25,79,67,55,56,52,48,83,60,37,30.13,30.04,29.97,9,6,3,8,2,,0.00,2,,117
2013-10-26,88,71,54,57,50,42,78,51,23,30.06,30.00,29.94,10,8,5,8,2,13,0.00,0,,98
2013-10-27,76,65,54,55,50,41,78,61,43,29.93,29.85,29.78,10,7,4,14,6,18,T,2,,159
2013-10-28,67,62,57,54,47,43,75,60,45,29.91,29.82,29.77,10,10,8,18,8,23,T,7,Rain,171
2013-10-29,64,58,52,49,45,42,71,58,44,29.98,29.93,29.90,10,10,10,13,3,18,0.00,3,,232
2013-10-30,73,61,48,45,42,38,80,55,29,30.04,30.00,29.95,10,10,10,13,2,15,0.00,0,,240
2013-10-31,83,66,49,40,35,27,61,38,14,30.07,30.01,29.96,10,10,10,13,2,16,0.00,0,,177
2013-11-1,89,71,52,36,30,22,46,28,9,30.09,30.00,29.91,10,10,10,9,3,12,0.00,0,,243
2013-11-2,85,70,55,56,36,25,78,45,12,29.96,29.90,29.84,10,10,5,14,4,18,0.00,0,,151
2013-11-3,72,65,57,54,51,48,72,58,44,29.90,29.85,29.80,10,9,6,13,5,17,0.00,4,,148
2013-11-4,69,63,57,54,49,41,78,59,39,29.91,29.82,29.77,10,10,6,12,4,15,T,4,Rain,147
2013-11-5,79,65,51,45,33,6,71,39,6,30.11,30.03,29.92,10,10,10,16,4,24,0.00,0,,117
2013-11-6,84,67,49,30,19,8,41,24,6,30.19,30.13,30.09,10,10,10,9,2,21,0.00,0,,313
2013-11-7,87,71,54,28,21,13,27,17,6,30.11,30.03,29.97,10,10,10,9,2,10,0.00,0,,297
2013-11-8,81,66,51,50,35,23,60,37,13,30.01,29.96,29.91,10,10,10,10,3,17,0.00,0,,160
2013-11-9,79,64,49,43,37,26,69,42,15,30.04,30.00,29.96,10,10,10,10,2,14,0.00,0,,172
2013-11-10,85,68,51,44,34,4,59,32,4,30.09,30.04,30.00,10,10,9,12,4,14,0.00,0,,237
2013-11-11,85,68,50,51,36,22,67,39,10,30.09,30.05,29.99,10,10,10,8,2,10,0.00,0,,143
2013-11-12,83,69,55,45,38,30,67,42,17,30.14,30.08,30.04,10,10,10,6,1,10,0.00,0,,262
2013-11-13,95,76,57,34,28,18,40,23,6,30.03,29.94,29.86,10,10,9,13,3,15,0.00,0,,5
2013-11-14,92,76,59,49,29,21,42,25,8,29.91,29.83,29.73,10,10,8,12,3,17,0.00,0,,90
2013-11-15,70,65,60,57,53,50,84,68,51,29.76,29.71,29.64,10,8,3,12,5,17,0.00,6,,143
2013-11-16,66,61,55,54,50,44,80,64,48,29.91,29.81,29.73,10,9,6,14,5,21,0.00,7,,152
2013-11-17,69,61,52,50,47,44,77,60,42,30.06,29.99,29.92,10,10,9,9,2,,0.00,2,,192
2013-11-18,70,60,50,50,47,43,77,62,47,30.12,30.07,30.02,10,10,10,12,3,17,0.00,3,,211
2013-11-19,67,61,55,51,49,47,77,63,48,30.05,29.98,29.92,10,10,10,10,4,23,0.00,4,,202
2013-11-20,65,62,58,55,52,49,84,70,56,29.95,29.90,29.85,10,9,4,13,5,18,T,7,Rain,153
2013-11-21,65,60,54,56,53,49,87,75,63,29.88,29.83,29.79,10,9,3,14,5,20,0.03,7,Rain,161
2013-11-22,66,60,54,45,33,31,83,56,28,29.93,29.86,29.81,10,10,10,24,7,32,0.00,3,,24
2013-11-23,66,59,51,38,36,33,59,44,29,30.06,29.99,29.93,10,10,10,8,2,10,0.00,2,,308
2013-11-24,69,58,47,40,38,37,66,49,32,30.17,30.11,30.06,10,10,10,12,3,14,0.00,0,,213
2013-11-25,73,60,46,41,38,35,71,49,27,30.22,30.17,30.12,10,10,10,10,2,14,0.00,0,,181
2013-11-26,78,64,49,38,34,28,61,39,16,30.17,30.09,30.02,10,10,10,7,1,10,0.00,0,,314
2013-11-27,76,65,54,38,34,28,51,35,18,30.01,29.92,29.85,10,10,10,13,3,15,0.00,0,,169
2013-11-28,72,62,52,44,37,31,62,43,23,30.03,29.94,29.86,10,10,10,15,4,20,0.00,2,,131
2013-11-29,64,60,55,55,50,41,80,68,55,30.16,30.10,30.03,10,10,5,12,3,14,0.09,6,Rain,301
2013-11-30,78,64,49,48,43,36,89,56,22,30.16,30.12,30.04,10,10,10,9,3,13,0.00,0,,238
2013-12-1,81,66,50,39,34,28,61,39,16,30.19,30.13,30.07,10,10,10,8,2,13,0.00,0,,216
2013-12-2,76,63,49,37,31,23,54,34,14,30.08,29.99,29.89,10,10,10,8,2,13,0.00,0,,184
2013-12-3,66,56,46,51,43,34,72,60,47,29.86,29.78,29.72,10,10,10,15,6,20,0.00,3,,162
2013-12-4,63,55,46,32,23,13,54,35,16,29.93,29.86,29.74,10,10,10,20,6,25,0.00,1,,310
2013-12-5,60,51,41,33,29,16,67,43,18,30.08,29.99,29.93,10,10,10,12,2,15,0.00,0,,228
2013-12-6,59,49,39,38,34,29,70,55,40,30.15,30.10,30.06,10,10,9,12,3,14,0.00,4,,193
2013-12-7,56,51,45,46,36,20,80,57,34,30.08,30.03,29.96,10,9,4,16,5,21,0.02,4,Rain,329
2013-12-8,58,48,38,34,28,21,70,49,27,30.18,30.12,30.07,10,10,10,10,2,14,0.00,1,,267
2013-12-9,63,49,35,25,17,5,59,35,10,30.27,30.22,30.17,10,10,10,13,3,16,0.00,0,,151
2013-12-10,66,51,35,17,9,0,47,27,7,30.24,30.15,30.08,10,10,10,12,3,14,0.00,0,,304
2013-12-11,72,55,38,17,12,5,37,23,8,30.15,30.12,30.08,10,10,9,10,4,14,0.00,0,,294
2013-12-12,71,58,45,47,29,13,72,42,11,30.19,30.14,30.10,10,10,10,13,3,15,0.00,0,,173
2013-12-13,68,55,41,43,37,29,77,50,22,30.20,30.16,30.09,10,10,8,9,2,13,0.00,0,,224
2013-12-14,75,59,43,37,27,19,71,42,13,30.27,30.21,30.15,10,10,8,10,3,13,0.00,0,,41
2013-12-15,81,63,45,26,22,17,40,25,10,30.22,30.15,30.07,10,10,10,10,2,12,0.00,0,,274
2013-12-16,86,69,51,30,25,19,35,22,8,30.11,30.08,30.03,10,10,9,12,3,14,0.00,0,,320
2013-12-17,88,73,58,42,30,20,33,21,8,30.10,30.04,29.99,10,10,10,12,2,14,0.00,0,,266
2013-12-18,73,65,57,53,45,28,80,51,22,29.97,29.88,29.82,10,8,4,13,5,16,0.00,2,,165
2013-12-19,57,52,47,48,45,38,86,76,66,29.81,29.74,29.69,10,9,2,14,6,17,0.18,7,Rain,154
2013-12-20,65,56,46,44,37,25,80,55,30,29.92,29.82,29.73,10,10,9,15,5,18,0.00,0,,87
2013-12-21,62,52,42,47,41,36,82,67,51,30.06,29.96,29.90,10,10,6,9,2,15,0.00,2,,156
2013-12-22,73,58,43,47,41,35,82,55,27,30.23,30.16,30.06,10,9,6,8,1,9,0.00,0,,235
2013-12-23,76,61,46,39,36,33,66,44,21,30.30,30.23,30.17,10,10,10,8,2,9,0.00,0,,187
2013-12-24,81,65,48,36,33,27,56,35,14,30.18,30.13,30.06,10,10,9,7,1,9,0.00,0,,2
2013-12-25,84,66,47,29,23,12,46,27,7,30.17,30.13,30.08,10,10,10,9,2,14,0.00,0,,7
2013-12-26,81,64,47,22,17,11,34,21,7,30.15,30.11,30.04,10,10,10,10,2,15,0.00,0,,123
2013-12-27,84,64,44,21,14,4,33,19,4,30.14,30.08,30.01,10,10,10,10,3,15,0.00,0,,282
2013-12-28,76,63,50,38,26,14,44,27,10,30.00,29.96,29.89,10,10,10,10,3,20,0.00,0,,176
2013-12-29,77,62,47,31,22,1,53,29,5,30.12,30.04,29.97,10,10,10,13,3,15,0.00,0,,42
2013-12-30,77,61,44,24,16,7,33,20,6,30.24,30.17,30.12,10,10,10,9,1,12,0.00,0,,219
2013-12-31,75,59,43,33,25,16,43,27,11,30.17,30.11,30.05,10,9,5,9,2,14,0.00,0,,200
